"Id","Path","Slice Name","Alias(s)","Label","Min","Max","Must Support?","Is Modifier?","Is Summary?","Type(s)","Short","Definition","Comments","Requirements","Default Value","Meaning When Missing","Fixed Value","Pattern","Example","Minimum Value","Maximum Value","Maximum Length","Binding Strength","Binding Description","Binding Value Set","Code","Slicing Discriminator","Slicing Description","Slicing Ordered","Slicing Rules","Base Path","Base Min","Base Max","Condition(s)","Constraint(s)","Mapping: FiveWs Pattern Mapping","Mapping: RIM Mapping","Mapping: Interface Pattern","Mapping: CDA (R2)","Mapping: HL7 V2 Mapping","Mapping: LOINC code for the element"
"Patient","Patient","","SubjectOfCare Client Resident
","",0,*,"","","","null {[]} {[]}
","Information about an individual or animal receiving health care services","Demographics and other administrative information about an individual or animal receiving care or other health-related services.","","","","","","","","","",,,,,"",,,,"Patient",0,*,"","","administrative.individual","Entity, Role, or Act,Patient[classCode=PAT]","ParticipantLiving","ClinicalDocument.recordTarget.patientRole"
"Patient.id","Patient.id","","","",0,1,"","","Y","id {[]} {[]}
","Logical id of this artifact","The logical id of the resource, as used in the URL for the resource. Once assigned, this value never changes.","Within the context of the FHIR RESTful interactions, the resource has an id except for cases like the create and conditional update. Otherwise, the use of the resouce id depends on the given use case.","","","","","","","","",,,,,"",,,,"Resource.id",0,1,"",""
"Patient.meta","Patient.meta","","","",0,1,"","","Y","Meta {[]} {[]}
","Metadata about the resource","The metadata about the resource. This is content that is maintained by the infrastructure. Changes to the content might not always be associated with version changes to the resource.","","","","","","","","","",,,,,"",,,,"Resource.meta",0,1,"","ele-1:All FHIR elements must have a @value or children {hasValue() or (children().count() > id.count())}
"
"Patient.implicitRules","Patient.implicitRules","","","",0,1,"","Y","Y","uri {[]} {[]}
","A set of rules under which this content was created","A reference to a set of rules that were followed when the resource was constructed, and which must be understood when processing the content. Often, this is a reference to an implementation guide that defines the special rules along with other profiles etc.","Asserting this rule set restricts the content to be only understood by a limited set of trading partners. This inherently limits the usefulness of the data in the long term. However, the existing health eco-system is highly fractured, and not yet ready to define, collect, and exchange data in a generally computable sense. Wherever possible, implementers and/or specification writers should avoid using this element. Often, when used, the URL is a reference to an implementation guide that defines these special rules as part of its narrative along with other profiles, value sets, etc.","","","","","","","","",,,,,"",,,,"Resource.implicitRules",0,1,"","ele-1:All FHIR elements must have a @value or children {hasValue() or (children().count() > id.count())}
"
"Patient.language","Patient.language","","","",0,1,"","","","code {[]} {[]}
","Language of the resource content","The base language in which the resource is written.","Language is provided to support indexing and accessibility (typically, services such as text to speech use the language tag). The html language tag in the narrative applies  to the narrative. The language tag on the resource may be used to specify the language of other presentations generated from the data in the resource. Not all the content has to be in the base language. The Resource.language should not be assumed to apply to the narrative automatically. If a language is specified, it should it also be specified on the div element in the html (see rules in HTML5 for information about the relationship between xml:lang and the html lang attribute).","","","","","","","","",,"required","IETF language tag for a human language","http://hl7.org/fhir/ValueSet/all-languages|5.0.0","",,,,"Resource.language",0,1,"","ele-1:All FHIR elements must have a @value or children {hasValue() or (children().count() > id.count())}
"
"Patient.text","Patient.text","","narrative
htmlxhtmldisplay","",0,1,"","","","Narrative {[]} {[]}
","Text summary of the resource, for human interpretation","A human-readable narrative that contains a summary of the resource and can be used to represent the content of the resource to a human. The narrative need not encode all the structured data, but is required to contain sufficient detail to make it ""clinically safe"" for a human to just read the narrative. Resource definitions may define what content should be represented in the narrative to ensure clinical safety.","Contained resources do not have a narrative. Resources that are not contained SHOULD have a narrative. In some cases, a resource may only have text with little or no additional discrete data (as long as all minOccurs=1 elements are satisfied).  This may be necessary for data from legacy systems where information is captured as a ""text blob"" or where text is additionally entered raw or narrated and encoded information is added later.","","","","","","","","",,,,,"",,,,"DomainResource.text",0,1,"dom-6
","ele-1:All FHIR elements must have a @value or children {hasValue() or (children().count() > id.count())}
","Act.text?"
"Patient.contained","Patient.contained","","inline resources
anonymous resourcescontained resources","",0,*,"","","","Resource {[]} {[]}
","Contained, inline Resources","These resources do not have an independent existence apart from the resource that contains them - they cannot be identified independently, nor can they have their own independent transaction scope. This is allowed to be a Parameters resource if and only if it is referenced by a resource that provides context/meaning.","This should never be done when the content can be identified properly, as once identification is lost, it is extremely difficult (and context dependent) to restore it again. Contained resources may have profiles and tags in their meta elements, but SHALL NOT have security labels.","","","","","","","","",,,,,"",,,,"DomainResource.contained",0,*,"dom-2
dom-4dom-3dom-5","","N/A"
"Patient.extension","Patient.extension","","","",1,*,"","","","Extension {[]} {[]}
","Extension","Sexo declarado como la identificación sexual declarada por la persona","","","","","","","","","",,,,,"","value:url}
","",,"open","DomainResource.extension",0,*,"","ele-1:All FHIR elements must have a @value or children {hasValue() or (children().count() > id.count())}
ext-1:Must have either extensions or value[x], not both {extension.exists() != value.exists()}"
"Patient.extension:SexoNac","Patient.extension","SexoNac","","",1,1,"Y","","","Extension {[CanonicalType[https://hlf.cl/fhir/ig/hackaton/StructureDefinition/SexoNacimiento820]]} {[]}
","Sexo biológico al nacer","Extensión de Sexdo biológico al nacer para Chile","","","","","","","","","",,,,,"",,,,"DomainResource.extension",0,*,"","ele-1:All FHIR elements must have a @value or children {hasValue() or (children().count() > id.count())}
ext-1:Must have either extensions or value[x], not both {extension.exists() != value.exists()}"
"Patient.extension:SexoNac.id","Patient.extension.id","","","",0,1,"","","","id {[]} {[]}
","Unique id for inter-element referencing","Unique id for the element within a resource (for internal references). This may be any string value that does not contain spaces.","","","","","","","","","",,,,,"",,,,"Element.id",0,1,"ele-1
","","n/a"
"Patient.extension:SexoNac.extension","Patient.extension.extension","","","",0,0,"","","","Extension {[]} {[]}
","Extension","An Extension","","","","","","","","","",,,,,"","value:url}
","Extensions are always sliced by (at least) url",,"open","Element.extension",0,*,"","ele-1:All FHIR elements must have a @value or children {hasValue() or (children().count() > id.count())}
ext-1:Must have either extensions or value[x], not both {extension.exists() != value.exists()}"
"Patient.extension:SexoNac.url","Patient.extension.url","","","",1,1,"","","","uri {[]} {[]}
","Sexo de Nacimiento del Paciente","Source of the definition for the extension code - a logical name or a URL.","The definition may point directly to a computable or human-readable definition of the extensibility codes, or it may be a logical URI as declared in some other specification. The definition SHALL be a URI for the Structure Definition defining the extension.","","","","<valueUri xmlns=""http://hl7.org/fhir"" value=""https://hlf.cl/fhir/ig/hackaton/StructureDefinition/SexoNacimiento820""/>","","","","",,,,,"",,,,"Extension.url",1,1,"","","N/A"
"Patient.extension:SexoNac.value[x]","Patient.extension.value[x]","","","",0,1,"","","","code {[]} {[]}
","Sexo biológico de  nacimiento","Value of extension - must be one of a constrained set of the data types (see [Extensibility](http://hl7.org/fhir/R5/extensibility.html) for a list).","","","","","","","","","",,"required","","https://hlf.cl/fhir/ig/hackaton/ValueSet/SexoBiologicoVS","",,,,"Extension.value[x]",0,1,"ext-1
","ele-1:All FHIR elements must have a @value or children {hasValue() or (children().count() > id.count())}
","N/A"
"Patient.extension:IdGenero","Patient.extension","IdGenero","","",0,1,"Y","","","Extension {[CanonicalType[https://hlf.cl/fhir/ig/hackaton/StructureDefinition/IdentidadGenero]]} {[]}
","Identidad de Género","Extensión para dato es de autoidentificación, por lo tanto, es una información que la persona entrega y el modelo de atención debe garantizar las condiciones y los mecanismos de privacidad y confidencialidad a través de un protocolo de aplicación local ","","","","","","","","","",,,,,"",,,,"DomainResource.extension",0,*,"","ele-1:All FHIR elements must have a @value or children {hasValue() or (children().count() > id.count())}
ext-1:Must have either extensions or value[x], not both {extension.exists() != value.exists()}"
"Patient.extension:IdGenero.id","Patient.extension.id","","","",0,1,"","","","id {[]} {[]}
","Unique id for inter-element referencing","Unique id for the element within a resource (for internal references). This may be any string value that does not contain spaces.","","","","","","","","","",,,,,"",,,,"Element.id",0,1,"ele-1
","","n/a"
"Patient.extension:IdGenero.extension","Patient.extension.extension","","","",0,0,"","","","Extension {[]} {[]}
","Extension","An Extension","","","","","","","","","",,,,,"","value:url}
","Extensions are always sliced by (at least) url",,"open","Element.extension",0,*,"","ele-1:All FHIR elements must have a @value or children {hasValue() or (children().count() > id.count())}
ext-1:Must have either extensions or value[x], not both {extension.exists() != value.exists()}"
"Patient.extension:IdGenero.url","Patient.extension.url","","","",1,1,"","","","uri {[]} {[]}
","Identidad de Género","Source of the definition for the extension code - a logical name or a URL.","The definition may point directly to a computable or human-readable definition of the extensibility codes, or it may be a logical URI as declared in some other specification. The definition SHALL be a URI for the Structure Definition defining the extension.","","","","<valueUri xmlns=""http://hl7.org/fhir"" value=""https://hlf.cl/fhir/ig/hackaton/StructureDefinition/IdentidadGenero""/>","","","","",,,,,"",,,,"Extension.url",1,1,"","","N/A"
"Patient.extension:IdGenero.value[x]","Patient.extension.value[x]","","","",0,1,"","","","code {[]} {[]}
","Identidad de género del paciente","Value of extension - must be one of a constrained set of the data types (see [Extensibility](http://hl7.org/fhir/R5/extensibility.html) for a list).","","","","","","","","","",,"required","","https://hlf.cl/fhir/ig/hackaton/ValueSet/VSIdentidadGenero","",,,,"Extension.value[x]",0,1,"ext-1
","ele-1:All FHIR elements must have a @value or children {hasValue() or (children().count() > id.count())}
","N/A"
"Patient.modifierExtension","Patient.modifierExtension","","extensions
user content","",0,*,"","Y","Y","Extension {[]} {[]}
","Extensions that cannot be ignored","May be used to represent additional information that is not part of the basic definition of the resource and that modifies the understanding of the element that contains it and/or the understanding of the containing element's descendants. Usually modifier elements provide negation or qualification. To make the use of extensions safe and managable, there is a strict set of governance applied to the definition and use of extensions. Though any implementer is allowed to define an extension, there is a set of requirements that SHALL be met as part of the definition of the extension. Applications processing a resource are required to check for modifier extensions.

Modifier extensions SHALL NOT change the meaning of any elements on Resource or DomainResource (including cannot change the meaning of modifierExtension itself).","There can be no stigma associated with the use of extensions by any application, project, or standard - regardless of the institution or jurisdiction that uses or defines the extensions.  The use of extensions is what allows the FHIR specification to retain a core level of simplicity for everyone.","Modifier extensions allow for extensions that *cannot* be safely ignored to be clearly distinguished from the vast majority of extensions which can be safely ignored.  This promotes interoperability by eliminating the need for implementers to prohibit the presence of extensions. For further information, see the [definition of modifier extensions](http://hl7.org/fhir/R5/extensibility.html#modifierExtension).","","","","","","","",,,,,"",,,,"DomainResource.modifierExtension",0,*,"","ele-1:All FHIR elements must have a @value or children {hasValue() or (children().count() > id.count())}
ext-1:Must have either extensions or value[x], not both {extension.exists() != value.exists()}","N/A"
"Patient.identifier","Patient.identifier","","","",1,1,"Y","","Y","Identifier {[]} {[]}
","RUN del Paciente","Identificación del Paciente, se especifica sólo el uso del RUN","","Patients are almost always assigned specific numerical identifiers.","","","","","","","",,,,,"",,,,"Patient.identifier",0,*,"","ele-1:All FHIR elements must have a @value or children {hasValue() or (children().count() > id.count())}
","FiveWs.identifier","id","Participant.identifier",".id","PID-3"
"Patient.identifier.id","Patient.identifier.id","","","",0,1,"","","","id {[]} {[]}
","Unique id for inter-element referencing","Unique id for the element within a resource (for internal references). This may be any string value that does not contain spaces.","","","","","","","","","",,,,,"",,,,"Element.id",0,1,"ele-1
","","n/a"
"Patient.identifier.extension","Patient.identifier.extension","","extensions
user content","",0,*,"","","","Extension {[]} {[]}
","Additional content defined by implementations","May be used to represent additional information that is not part of the basic definition of the element. To make the use of extensions safe and managable, there is a strict set of governance applied to the definition and use of extensions. Though any implementer can define an extension, there is a set of requirements that SHALL be met as part of the definition of the extension.","There can be no stigma associated with the use of extensions by any application, project, or standard - regardless of the institution or jurisdiction that uses or defines the extensions.  The use of extensions is what allows the FHIR specification to retain a core level of simplicity for everyone.","","","","","","","","",,,,,"","value:url}
","Extensions are always sliced by (at least) url",,"open","Element.extension",0,*,"","ele-1:All FHIR elements must have a @value or children {hasValue() or (children().count() > id.count())}
ext-1:Must have either extensions or value[x], not both {extension.exists() != value.exists()}","n/a"
"Patient.identifier.use","Patient.identifier.use","","","",0,1,"Y","Y","Y","code {[]} {[]}
","Tipo de Identificador: se usará solo oficial","Tipo de identificación forzado a oficial","Applications can assume that an identifier is permanent unless it explicitly says that it is temporary.","Allows the appropriate identifier for a particular context of use to be selected from among a set of identifiers.","","","","<valueCode xmlns=""http://hl7.org/fhir"" value=""official""/>","","","",,"required","","http://hl7.org/fhir/ValueSet/identifier-use","",,,,"Identifier.use",0,1,"","ele-1:All FHIR elements must have a @value or children {hasValue() or (children().count() > id.count())}
","Role.code or implied by context","N/A"
"Patient.identifier.type","Patient.identifier.type","","","",0,1,"","","Y","CodeableConcept {[]} {[]}
","Description of identifier","A coded type for the identifier that can be used to determine which identifier to use for a specific purpose.","This element deals only with general categories of identifiers.  It SHOULD not be used for codes that correspond 1..1 with the Identifier.system. Some identifiers may fall into multiple categories due to common usage.   Where the system is known, a type is unnecessary because the type is always part of the system definition. However systems often need to handle identifiers where the system is not known. There is not a 1:1 relationship between type and system, since many different systems have the same type.","Allows users to make use of identifiers when the identifier system is not known.","","","","","","","",,"extensible","A coded type for an identifier that can be used to determine which identifier to use for a specific purpose.","http://hl7.org/fhir/ValueSet/identifier-type","",,,,"Identifier.type",0,1,"","ele-1:All FHIR elements must have a @value or children {hasValue() or (children().count() > id.count())}
","Role.code or implied by context","CX.5"
"Patient.identifier.system","Patient.identifier.system","","","",0,1,"","","Y","uri {[]} {[]}
","The namespace for the identifier value","Establishes the namespace for the value - that is, an absolute URL that describes a set values that are unique.","Identifier.system is always case sensitive.","There are many sets  of identifiers.  To perform matching of two identifiers, we need to know what set we're dealing with. The system identifies a particular set of unique identifiers.","","","","","<valueUri xmlns=""http://hl7.org/fhir"" value=""http://www.acme.com/identifiers/patient""/>","","",,,,,"",,,,"Identifier.system",0,1,"","ele-1:All FHIR elements must have a @value or children {hasValue() or (children().count() > id.count())}
","II.root or Role.id.root","CX.4 / EI-2-4"
"Patient.identifier.value","Patient.identifier.value","","","",1,1,"Y","","Y","string {[]} {[]}
","Valor del RUN sin puntos y con guión","The portion of the identifier typically relevant to the user and which is unique within the context of the system.","If the value is a full URI, then the system SHALL be urn:ietf:rfc:3986.  The value's primary purpose is computational mapping.  As a result, it may be normalized for comparison purposes (e.g. removing non-significant whitespace, dashes, etc.)  A value formatted for human display can be conveyed using the [http://hl7.org/fhir/StructureDefinition/rendered-value](http://hl7.org/fhir/extensions/StructureDefinition-rendered-value.html)). Identifier.value is to be treated as case sensitive unless knowledge of the Identifier.system allows the processer to be confident that non-case-sensitive processing is safe.","","","","","","<valueString xmlns=""http://hl7.org/fhir"" value=""123456""/>","","",,,,,"",,,,"Identifier.value",0,1,"ident-1
","ele-1:All FHIR elements must have a @value or children {hasValue() or (children().count() > id.count())}
","II.extension or II.root if system indicates OID or GUID (Or Role.id.extension or root)","CX.1 / EI.1"
"Patient.identifier.period","Patient.identifier.period","","","",0,1,"","","Y","Period {[]} {[]}
","Time period when id is/was valid for use","Time period during which identifier is/was valid for use.","","","","","","","","","",,,,,"",,,,"Identifier.period",0,1,"","ele-1:All FHIR elements must have a @value or children {hasValue() or (children().count() > id.count())}
","Role.effectiveTime or implied by context","CX.7 + CX.8"
"Patient.identifier.assigner","Patient.identifier.assigner","","","",0,1,"","","Y","Reference {[]} {[CanonicalType[http://hl7.org/fhir/StructureDefinition/Organization]]}
","Organization that issued id (may be just text)","Organization that issued/manages the identifier.","The Identifier.assigner may omit the .reference element and only contain a .display element reflecting the name or other textual information about the assigning organization.","","","","","","","","",,,,,"",,,,"Identifier.assigner",0,1,"","ele-1:All FHIR elements must have a @value or children {hasValue() or (children().count() > id.count())}
","II.assigningAuthorityName but note that this is an improper use by the definition of the field.  Also Role.scoper","CX.4 / (CX.4,CX.9,CX.10)"
"Patient.active","Patient.active","","","",0,1,"","Y","Y","boolean {[]} {[]}
","Whether this patient's record is in active use","Whether this patient record is in active use. 
Many systems use this property to mark as non-current patients, such as those that have not been seen for a period of time based on an organization's business rules.

It is often used to filter patient lists to exclude inactive patients

Deceased patients may also be marked as inactive for the same reasons, but may be active for some time after death.","If a record is inactive, and linked to an active record, then future patient/record updates should occur on the other patient.","Need to be able to mark a patient record as not to be used because it was created in error.","","This resource is generally assumed to be active if no value is provided for the active element","","","","","",,,,,"",,,,"Patient.active",0,1,"","ele-1:All FHIR elements must have a @value or children {hasValue() or (children().count() > id.count())}
","FiveWs.status","statusCode","Participant.active","n/a"
"Patient.name","Patient.name","","","",1,1,"Y","","Y","HumanName {[]} {[]}
","Nombre Registrado, y nombre social","Nombre completo del paciente, se agrega pa posibilid de agregar el nombre social","A patient may have multiple names with different uses or applicable periods. For animals, the name is a ""HumanName"" in the sense that is assigned and used by humans and has the same patterns. Animal names may be communicated as given names, and optionally may include a family name.","Need to be able to track the patient by multiple names. Examples are your official name and a partner name.","","","","","","","",,,,,"",,,,"Patient.name",0,*,"","ele-1:All FHIR elements must have a @value or children {hasValue() or (children().count() > id.count())}
","name","Participant.name",".patient.name","PID-5, PID-9"
"Patient.name.id","Patient.name.id","","","",0,1,"","","","id {[]} {[]}
","Unique id for inter-element referencing","Unique id for the element within a resource (for internal references). This may be any string value that does not contain spaces.","","","","","","","","","",,,,,"",,,,"Element.id",0,1,"ele-1
","","n/a"
"Patient.name.extension","Patient.name.extension","","extensions
user content","",0,*,"","","","Extension {[]} {[]}
","Additional content defined by implementations","May be used to represent additional information that is not part of the basic definition of the element. To make the use of extensions safe and managable, there is a strict set of governance applied to the definition and use of extensions. Though any implementer can define an extension, there is a set of requirements that SHALL be met as part of the definition of the extension.","There can be no stigma associated with the use of extensions by any application, project, or standard - regardless of the institution or jurisdiction that uses or defines the extensions.  The use of extensions is what allows the FHIR specification to retain a core level of simplicity for everyone.","","","","","","","","",,,,,"","value:url}
","Extensions are always sliced by (at least) url",,"open","Element.extension",0,*,"","ele-1:All FHIR elements must have a @value or children {hasValue() or (children().count() > id.count())}
ext-1:Must have either extensions or value[x], not both {extension.exists() != value.exists()}","n/a"
"Patient.name.extension:NombreSocial","Patient.name.extension","NombreSocial","","",0,1,"","","","Extension {[CanonicalType[https://hlf.cl/fhir/ig/hackaton/StructureDefinition/NombreSocial]]} {[]}
","Nombre Social de Paciente","Esta extensión permite agregar un nombre social al paciente","","","","","","","","","",,,,,"",,,,"Element.extension",0,*,"","ele-1:All FHIR elements must have a @value or children {hasValue() or (children().count() > id.count())}
ext-1:Must have either extensions or value[x], not both {extension.exists() != value.exists()}"
"Patient.name.extension:SegundoApellido","Patient.name.extension","SegundoApellido","","",0,1,"","","","Extension {[CanonicalType[https://hlf.cl/fhir/ig/hackaton/StructureDefinition/SegundoApellido]]} {[]}
","2o Apellido Registrado","Esta extensión permite agregar un segundo apellido para el nombre del paciente","","","","","","","","","",,,,,"",,,,"Element.extension",0,*,"","ele-1:All FHIR elements must have a @value or children {hasValue() or (children().count() > id.count())}
ext-1:Must have either extensions or value[x], not both {extension.exists() != value.exists()}"
"Patient.name.use","Patient.name.use","","","",0,1,"","Y","Y","code {[]} {[]}
","usual | official | temp | nickname | anonymous | old | maiden","Identifies the purpose for this name.","Applications can assume that a name is current unless it explicitly says that it is temporary or old.","Allows the appropriate name for a particular context of use to be selected from among a set of names.","","","","","","","",,"required","The use of a human name.","http://hl7.org/fhir/ValueSet/name-use|5.0.0","",,,,"HumanName.use",0,1,"","ele-1:All FHIR elements must have a @value or children {hasValue() or (children().count() > id.count())}
","unique(./use)","XPN.7, but often indicated by which field contains the name"
"Patient.name.text","Patient.name.text","","","",0,1,"","","Y","string {[]} {[]}
","Text representation of the full name","Specifies the entire name as it should be displayed e.g. on an application UI. This may be provided instead of or as well as the specific parts.","Can provide both a text representation and parts. Applications updating a name SHALL ensure that when both text and parts are present,  no content is included in the text that isn't found in a part.","A renderable, unencoded form.","","","","","","","",,,,,"",,,,"HumanName.text",0,1,"","ele-1:All FHIR elements must have a @value or children {hasValue() or (children().count() > id.count())}
","./formatted","implied by XPN.11"
"Patient.name.family","Patient.name.family","","surname
","",1,1,"","","Y","string {[]} {[]}
","1er Apellido registrado del paciente","1er Apellido registrado por el paciente","Family Name may be decomposed into specific parts using extensions (de, nl, es related cultures).","","","","","","","","",,,,,"",,,,"HumanName.family",0,1,"","ele-1:All FHIR elements must have a @value or children {hasValue() or (children().count() > id.count())}
","./part[partType = FAM]","XPN.1/FN.1"
"Patient.name.given","Patient.name.given","","first name
middle name","",1,*,"","","Y","string {[]} {[]}
","Nombres del Paciente","Nombres registrados por el paciente","If only initials are recorded, they may be used in place of the full name parts. Initials may be separated into multiple given names but often aren't due to paractical limitations.  This element is not called ""first name"" since given names do not always come first.","","","","","","","","",,,,,"",,,,"HumanName.given",0,*,"","ele-1:All FHIR elements must have a @value or children {hasValue() or (children().count() > id.count())}
","./part[partType = GIV]","XPN.2 + XPN.3"
"Patient.name.prefix","Patient.name.prefix","","","",0,*,"","","Y","string {[]} {[]}
","Parts that come before the name","Part of the name that is acquired as a title due to academic, legal, employment or nobility status, etc. and that appears at the start of the name.","","","","","","","","","",,,,,"",,,,"HumanName.prefix",0,*,"","ele-1:All FHIR elements must have a @value or children {hasValue() or (children().count() > id.count())}
","./part[partType = PFX]","XPN.5"
"Patient.name.suffix","Patient.name.suffix","","","",0,*,"","","Y","string {[]} {[]}
","Parts that come after the name","Part of the name that is acquired as a title due to academic, legal, employment or nobility status, etc. and that appears at the end of the name.","","","","","","","","","",,,,,"",,,,"HumanName.suffix",0,*,"","ele-1:All FHIR elements must have a @value or children {hasValue() or (children().count() > id.count())}
","./part[partType = SFX]","XPN/4"
"Patient.name.period","Patient.name.period","","","",0,1,"","","Y","Period {[]} {[]}
","Time period when name was/is in use","Indicates the period of time when this name was valid for the named person.","","Allows names to be placed in historical context.","","","","","","","",,,,,"",,,,"HumanName.period",0,1,"","ele-1:All FHIR elements must have a @value or children {hasValue() or (children().count() > id.count())}
","./usablePeriod[type=""IVL<TS>""]","XPN.13 + XPN.14"
"Patient.telecom","Patient.telecom","","","",1,*,"Y","","Y","ContactPoint {[]} {[]}
","Medio de contacto con el paciente","Medio por el cual se puede contactar al paciente","A Patient may have multiple ways to be contacted with different uses or applicable periods.  May need to have options for contacting the person urgently and also to help with identification. The address might not go directly to the individual, but may reach another party that is able to proxy for the patient (i.e. home phone, or pet owner's phone).","People have (primary) ways to contact them in some way such as phone, email.","","","","","","","",,,,,"",,,,"Patient.telecom",0,*,"","ele-1:All FHIR elements must have a @value or children {hasValue() or (children().count() > id.count())}
","telecom","ParticipantContactable.telecom",".telecom","PID-13, PID-14, PID-40"
"Patient.telecom.id","Patient.telecom.id","","","",0,1,"","","","id {[]} {[]}
","Unique id for inter-element referencing","Unique id for the element within a resource (for internal references). This may be any string value that does not contain spaces.","","","","","","","","","",,,,,"",,,,"Element.id",0,1,"ele-1
","","n/a"
"Patient.telecom.extension","Patient.telecom.extension","","extensions
user content","",0,*,"","","","Extension {[]} {[]}
","Additional content defined by implementations","May be used to represent additional information that is not part of the basic definition of the element. To make the use of extensions safe and managable, there is a strict set of governance applied to the definition and use of extensions. Though any implementer can define an extension, there is a set of requirements that SHALL be met as part of the definition of the extension.","There can be no stigma associated with the use of extensions by any application, project, or standard - regardless of the institution or jurisdiction that uses or defines the extensions.  The use of extensions is what allows the FHIR specification to retain a core level of simplicity for everyone.","","","","","","","","",,,,,"","value:url}
","Extensions are always sliced by (at least) url",,"open","Element.extension",0,*,"","ele-1:All FHIR elements must have a @value or children {hasValue() or (children().count() > id.count())}
ext-1:Must have either extensions or value[x], not both {extension.exists() != value.exists()}","n/a"
"Patient.telecom.system","Patient.telecom.system","","","",1,1,"","","Y","code {[]} {[]}
","Tipo de contacto: phone | fax | email | pager | url | sms | other","Tipo de contacto definido","","","","","","","","","",,"required","","http://hl7.org/fhir/ValueSet/contact-point-system","",,,,"ContactPoint.system",0,1,"cpt-2
","ele-1:All FHIR elements must have a @value or children {hasValue() or (children().count() > id.count())}
","./scheme","XTN.3"
"Patient.telecom.value","Patient.telecom.value","","","",1,1,"","","Y","string {[]} {[]}
","Contacto a ingresar","número de téfono, email o el contacto que se está ingresando","Additional text data such as phone extension numbers, or notes about use of the contact are sometimes included in the value.","Need to support legacy numbers that are not in a tightly controlled format.","","","","","","","",,,,,"",,,,"ContactPoint.value",0,1,"cpt-2
","ele-1:All FHIR elements must have a @value or children {hasValue() or (children().count() > id.count())}
","./url","XTN.1 (or XTN.12)"
"Patient.telecom.use","Patient.telecom.use","","","",0,1,"","Y","Y","code {[]} {[]}
","home | work | temp | old | mobile - purpose of this contact point","Identifies the purpose for the contact point.","Applications can assume that a contact is current unless it explicitly says that it is temporary or old.","Need to track the way a person uses this contact, so a user can choose which is appropriate for their purpose.","","","","","","","",,"required","Use of contact point.","http://hl7.org/fhir/ValueSet/contact-point-use|5.0.0","",,,,"ContactPoint.use",0,1,"","ele-1:All FHIR elements must have a @value or children {hasValue() or (children().count() > id.count())}
","unique(./use)","XTN.2 - but often indicated by field"
"Patient.telecom.rank","Patient.telecom.rank","","","",0,1,"","","Y","positiveInt {[]} {[]}
","Specify preferred order of use (1 = highest)","Specifies a preferred order in which to use a set of contacts. ContactPoints with lower rank values are more preferred than those with higher rank values.","Note that rank does not necessarily follow the order in which the contacts are represented in the instance.

Ranks need not be unique.  E.g. it's possible to have multiple contacts with rank=1.  If the ranks have different systems or uses, this would be interpreted to mean ""X is my most preferred phone number, Y is my most preferred email address"" or ""X is my preferred home email and Y is my preferred work email"".  If the system and use for equally-ranked contacts are the same, then the level of preference is equivalent for both repetitions. 

Ranks need not be sequential and not all repetitions must have a rank.  For example, it's possible to have 4 contacts with ranks of 2, 5 and two with no rank specified.  That would be interpreted to mean the first is preferred over the second and no preference stated for the remaining contacts.","","","","","","","","",,,,,"",,,,"ContactPoint.rank",0,1,"","ele-1:All FHIR elements must have a @value or children {hasValue() or (children().count() > id.count())}
","n/a","n/a"
"Patient.telecom.period","Patient.telecom.period","","","",0,1,"","","Y","Period {[]} {[]}
","Time period when the contact point was/is in use","Time period when the contact point was/is in use.","","","","","","","","","",,,,,"",,,,"ContactPoint.period",0,1,"","ele-1:All FHIR elements must have a @value or children {hasValue() or (children().count() > id.count())}
","./usablePeriod[type=""IVL<TS>""]","N/A"
"Patient.gender","Patient.gender","","","",0,1,"","","Y","code {[]} {[]}
","male | female | other | unknown","Administrative Gender - the gender that the patient is considered to have for administration and record keeping purposes.","The gender might not match the biological sex as determined by genetics or the individual's preferred identification. Note that for both humans and particularly animals, there are other legitimate possibilities than male and female, though the vast majority of systems and contexts only support male and female.  Systems providing decision support or enforcing business rules should ideally do this on the basis of Observations dealing with the specific sex or gender aspect of interest (anatomical, chromosomal, social, etc.)  However, because these observations are infrequently recorded, defaulting to the administrative gender is common practice.  Where such defaulting occurs, rule enforcement should allow for the variation between administrative and biological, chromosomal and other gender aspects.  For example, an alert about a hysterectomy on a male should be handled as a warning or overridable error, not a ""hard"" error.  See the Patient Gender and Sex section for additional information about communicating patient gender and sex.","Needed for identification of the individual, in combination with (at least) name and birth date.","","","","","","","",,"required","The gender of a person used for administrative purposes.","http://hl7.org/fhir/ValueSet/administrative-gender|5.0.0","",,,,"Patient.gender",0,1,"","ele-1:All FHIR elements must have a @value or children {hasValue() or (children().count() > id.count())}
","player[classCode=PSN|ANM and determinerCode=INSTANCE]/administrativeGender","ParticipantLiving.gender",".patient.administrativeGenderCode","PID-8"
"Patient.birthDate","Patient.birthDate","","","",0,1,"","","Y","date {[]} {[]}
","The date of birth for the individual","The date of birth for the individual.","Partial dates are allowed if the specific date of birth is unknown. There is a standard extension ""patient-birthTime"" available that should be used where Time is required (such as in maternity/infant care systems).","Age of the individual drives many clinical processes.","","","","","","","",,,,,"",,,,"Patient.birthDate",0,1,"","ele-1:All FHIR elements must have a @value or children {hasValue() or (children().count() > id.count())}
","player[classCode=PSN|ANM and determinerCode=INSTANCE]/birthTime","ParticipantLiving.birthDate",".patient.birthTime","PID-7","21112-8"
"Patient.deceased[x]","Patient.deceased[x]","","","",0,1,"","Y","Y","boolean {[]} {[]}
dateTime {[]} {[]}","Indicates if the individual is deceased or not","Indicates if the individual is deceased or not.","If there's no value in the instance, it means there is no statement on whether or not the individual is deceased. Most systems will interpret the absence of a value as a sign of the person being alive.","The fact that a patient is deceased influences the clinical process. Also, in human communication and relation management it is necessary to know whether the person is alive.","","","","","","","",,,,,"",,,,"Patient.deceased[x]",0,1,"","ele-1:All FHIR elements must have a @value or children {hasValue() or (children().count() > id.count())}
","player[classCode=PSN|ANM and determinerCode=INSTANCE]/deceasedInd, player[classCode=PSN|ANM and determinerCode=INSTANCE]/deceasedTime","n/a","PID-30  (bool) and PID-29 (datetime)"
"Patient.address","Patient.address","","","",1,*,"Y","","Y","Address {[]} {[]}
","Dirección declarada por el paciente","Direcciones declaradas por el paciente, incluyen datos nor,ativos","Patient may have multiple addresses with different uses or applicable periods.","May need to keep track of patient addresses for contacting, billing or reporting requirements and also to help with identification.","","","","","","","",,,,,"",,,,"Patient.address",0,*,"","ele-1:All FHIR elements must have a @value or children {hasValue() or (children().count() > id.count())}
","addr","ParticipantContactable.address",".addr","PID-11"
"Patient.address.id","Patient.address.id","","","",0,1,"","","","id {[]} {[]}
","Unique id for inter-element referencing","Unique id for the element within a resource (for internal references). This may be any string value that does not contain spaces.","","","","","","","","","",,,,,"",,,,"Element.id",0,1,"ele-1
","","n/a"
"Patient.address.extension","Patient.address.extension","","extensions
user content","",0,*,"","","","Extension {[]} {[]}
","Additional content defined by implementations","May be used to represent additional information that is not part of the basic definition of the element. To make the use of extensions safe and managable, there is a strict set of governance applied to the definition and use of extensions. Though any implementer can define an extension, there is a set of requirements that SHALL be met as part of the definition of the extension.","There can be no stigma associated with the use of extensions by any application, project, or standard - regardless of the institution or jurisdiction that uses or defines the extensions.  The use of extensions is what allows the FHIR specification to retain a core level of simplicity for everyone.","","","","","","","","",,,,,"","value:url}
","Extensions are always sliced by (at least) url",,"open","Element.extension",0,*,"","ele-1:All FHIR elements must have a @value or children {hasValue() or (children().count() > id.count())}
ext-1:Must have either extensions or value[x], not both {extension.exists() != value.exists()}","n/a"
"Patient.address.extension:TipoVia","Patient.address.extension","TipoVia","","",0,1,"","","","Extension {[CanonicalType[https://hlf.cl/fhir/ig/hackaton/StructureDefinition/TipoVia]]} {[]}
","Tipo de Vía","Tipo de Vía para la dirección","","","","","","","","","",,,,,"",,,,"Element.extension",0,*,"","ele-1:All FHIR elements must have a @value or children {hasValue() or (children().count() > id.count())}
ext-1:Must have either extensions or value[x], not both {extension.exists() != value.exists()}"
"Patient.address.use","Patient.address.use","","","",0,1,"","Y","Y","code {[]} {[]}
","home | work | temp | old | billing - purpose of this address","The purpose of this address.","Applications can assume that an address is current unless it explicitly says that it is temporary or old.","Allows an appropriate address to be chosen from a list of many.","","","","","<valueCode xmlns=""http://hl7.org/fhir"" value=""home""/>","","",,"required","The use of an address (home / work / etc.).","http://hl7.org/fhir/ValueSet/address-use|5.0.0","",,,,"Address.use",0,1,"","ele-1:All FHIR elements must have a @value or children {hasValue() or (children().count() > id.count())}
","unique(./use)","XAD.7"
"Patient.address.type","Patient.address.type","","","",0,1,"","","Y","code {[]} {[]}
","postal | physical | both","Distinguishes between physical addresses (those you can visit) and mailing addresses (e.g. PO Boxes and care-of addresses). Most addresses are both.","The definition of Address states that ""address is intended to describe postal addresses, not physical locations"". However, many applications track whether an address has a dual purpose of being a location that can be visited as well as being a valid delivery destination, and Postal addresses are often used as proxies for physical locations (also see the [Location](http://hl7.org/fhir/R5/location.html#) resource).","","","","","","<valueCode xmlns=""http://hl7.org/fhir"" value=""both""/>","","",,"required","The type of an address (physical / postal).","http://hl7.org/fhir/ValueSet/address-type|5.0.0","",,,,"Address.type",0,1,"","ele-1:All FHIR elements must have a @value or children {hasValue() or (children().count() > id.count())}
","unique(./use)","XAD.18"
"Patient.address.text","Patient.address.text","","","",0,1,"","","Y","string {[]} {[]}
","Text representation of the address","Specifies the entire address as it should be displayed e.g. on a postal label. This may be provided instead of or as well as the specific parts.","Can provide both a text representation and parts. Applications updating an address SHALL ensure that  when both text and parts are present,  no content is included in the text that isn't found in a part.","A renderable, unencoded form.","","","","","<valueString xmlns=""http://hl7.org/fhir"" value=""137 Nowhere Street, Erewhon 9132""/>","","",,,,,"",,,,"Address.text",0,1,"","ele-1:All FHIR elements must have a @value or children {hasValue() or (children().count() > id.count())}
","./formatted","XAD.1 + XAD.2 + XAD.3 + XAD.4 + XAD.5 + XAD.6"
"Patient.address.line","Patient.address.line","","","",1,1,"","","Y","string {[]} {[]}
","Nombre Calle/Avenida/pasaje y Número del Domicilio, Depto o número de casa","Ej: Avenida Las Praderas, 2021, Casa 5","","","","","","","<valueString xmlns=""http://hl7.org/fhir"" value=""137 Nowhere Street""/>","","",,,,,"",,,,"Address.line",0,*,"","ele-1:All FHIR elements must have a @value or children {hasValue() or (children().count() > id.count())}
","AD.part[parttype = AL]","XAD.1 + XAD.2 (note: XAD.1 and XAD.2 have different meanings for a company address than for a person address)"
"Patient.address.city","Patient.address.city","","Municpality
","",1,1,"","","Y","string {[]} {[]}
","Comuna","The name of the city, town, suburb, village or other community or delivery center.","","","","","","","<valueString xmlns=""http://hl7.org/fhir"" value=""Erewhon""/>","","",,,,,"",,,,"Address.city",0,1,"","ele-1:All FHIR elements must have a @value or children {hasValue() or (children().count() > id.count())}
","AD.part[parttype = CTY]","XAD.3"
"Patient.address.district","Patient.address.district","","County
","",1,1,"","","Y","string {[]} {[]}
","Provincia","The name of the administrative area (county).","District is sometimes known as county, but in some regions 'county' is used in place of city (municipality), so county name should be conveyed in city instead.","","","","","","<valueString xmlns=""http://hl7.org/fhir"" value=""Madison""/>","","",,,,,"",,,,"Address.district",0,1,"","ele-1:All FHIR elements must have a @value or children {hasValue() or (children().count() > id.count())}
","AD.part[parttype = CNT | CPA]","XAD.9"
"Patient.address.state","Patient.address.state","","Province
Territory","",1,1,"","","Y","string {[]} {[]}
","Región","Sub-unit of a country with limited sovereignty in a federally organized country. A code may be used if codes are in common use (e.g. US 2 letter state codes).","","","","","","","","","",,,,,"",,,,"Address.state",0,1,"","ele-1:All FHIR elements must have a @value or children {hasValue() or (children().count() > id.count())}
","AD.part[parttype = STA]","XAD.4"
"Patient.address.postalCode","Patient.address.postalCode","","Zip
","",0,1,"","","Y","string {[]} {[]}
","Postal code for area","A postal code designating a region defined by the postal service.","","","","","","","<valueString xmlns=""http://hl7.org/fhir"" value=""9132""/>","","",,,,,"",,,,"Address.postalCode",0,1,"","ele-1:All FHIR elements must have a @value or children {hasValue() or (children().count() > id.count())}
","AD.part[parttype = ZIP]","XAD.5"
"Patient.address.country","Patient.address.country","","","",0,1,"","","Y","string {[]} {[]}
","Country (e.g. may be ISO 3166 2 or 3 letter code)","Country - a nation as commonly understood or generally accepted.","ISO 3166 2- or 3- letter codes MAY be used in place of a human readable country name.","","","","","","","","",,,,,"",,,,"Address.country",0,1,"","ele-1:All FHIR elements must have a @value or children {hasValue() or (children().count() > id.count())}
","AD.part[parttype = CNT]","XAD.6"
"Patient.address.period","Patient.address.period","","","",0,1,"","","Y","Period {[]} {[]}
","Time period when address was/is in use","Time period when address was/is in use.","","Allows addresses to be placed in historical context.","","","","","<valuePeriod xmlns=""http://hl7.org/fhir"">
  <start value=""2010-03-23""/>
  <end value=""2010-07-01""/>
</valuePeriod>","","",,,,,"",,,,"Address.period",0,1,"","ele-1:All FHIR elements must have a @value or children {hasValue() or (children().count() > id.count())}
","./usablePeriod[type=""IVL<TS>""]","XAD.12 / XAD.13 + XAD.14"
"Patient.maritalStatus","Patient.maritalStatus","","","",0,1,"","","","CodeableConcept {[]} {[]}
","Marital (civil) status of a patient","This field contains a patient's most recent marital (civil) status.","","Most, if not all systems capture it.","","","","","","","",,"extensible","The domestic partnership status of a person.","http://hl7.org/fhir/ValueSet/marital-status","",,,,"Patient.maritalStatus",0,1,"","ele-1:All FHIR elements must have a @value or children {hasValue() or (children().count() > id.count())}
","player[classCode=PSN]/maritalStatusCode",".patient.maritalStatusCode","PID-16"
"Patient.multipleBirth[x]","Patient.multipleBirth[x]","","","",0,1,"","","","boolean {[]} {[]}
integer {[]} {[]}","Whether patient is part of a multiple birth","Indicates whether the patient is part of a multiple (boolean) or indicates the actual birth order (integer).","Where the valueInteger is provided, the number is the birth number in the sequence. E.g. The middle birth in triplets would be valueInteger=2 and the third born would have valueInteger=3 If a boolean value was provided for this triplets example, then all 3 patient records would have valueBoolean=true (the ordering is not indicated).","For disambiguation of multiple-birth children, especially relevant where the care provider doesn't meet the patient, such as labs.","","","","","","","",,,,,"",,,,"Patient.multipleBirth[x]",0,1,"","ele-1:All FHIR elements must have a @value or children {hasValue() or (children().count() > id.count())}
","player[classCode=PSN|ANM and determinerCode=INSTANCE]/multipleBirthInd,  player[classCode=PSN|ANM and determinerCode=INSTANCE]/multipleBirthOrderNumber","n/a","PID-24 (bool), PID-25 (integer)"
"Patient.photo","Patient.photo","","","",0,*,"","","","Attachment {[]} {[]}
","Image of the patient","Image of the patient.","Guidelines:
* Use id photos, not clinical photos.
* Limit dimensions to thumbnail.
* Keep byte count low to ease resource updates.","Many EHR systems have the capability to capture an image of the patient. Fits with newer social media usage too.","","","","","","","",,,,,"",,,,"Patient.photo",0,*,"","ele-1:All FHIR elements must have a @value or children {hasValue() or (children().count() > id.count())}
","player[classCode=PSN|ANM and determinerCode=INSTANCE]/desc","ParticipantLiving.photo","n/a","OBX-5 - needs a profile"
"Patient.contact","Patient.contact","","","",0,*,"","","","BackboneElement {[]} {[]}
","A contact party (e.g. guardian, partner, friend) for the patient","A contact party (e.g. guardian, partner, friend) for the patient.","Contact covers all kinds of contact parties: family members, business contacts, guardians, caregivers. Not applicable to register pedigree and family ties beyond use of having contact.","Need to track people you can contact about the patient.","","","","","","","",,,,,"",,,,"Patient.contact",0,*,"","ele-1:All FHIR elements must have a @value or children {hasValue() or (children().count() > id.count())}
pat-1:SHALL at least contain a contact's details or a reference to an organization {name.exists() or telecom.exists() or address.exists() or organization.exists()}","player[classCode=PSN|ANM and determinerCode=INSTANCE]/scopedRole[classCode=CON]","n/a"
"Patient.contact.id","Patient.contact.id","","","",0,1,"","","","string {[]} {[]}
","Unique id for inter-element referencing","Unique id for the element within a resource (for internal references). This may be any string value that does not contain spaces.","","","","","","","","","",,,,,"",,,,"Element.id",0,1,"ele-1
","","n/a"
"Patient.contact.extension","Patient.contact.extension","","extensions
user content","",0,*,"","","","Extension {[]} {[]}
","Additional content defined by implementations","May be used to represent additional information that is not part of the basic definition of the element. To make the use of extensions safe and managable, there is a strict set of governance applied to the definition and use of extensions. Though any implementer can define an extension, there is a set of requirements that SHALL be met as part of the definition of the extension.","There can be no stigma associated with the use of extensions by any application, project, or standard - regardless of the institution or jurisdiction that uses or defines the extensions.  The use of extensions is what allows the FHIR specification to retain a core level of simplicity for everyone.","","","","","","","","",,,,,"",,,,"Element.extension",0,*,"","ele-1:All FHIR elements must have a @value or children {hasValue() or (children().count() > id.count())}
ext-1:Must have either extensions or value[x], not both {extension.exists() != value.exists()}","n/a"
"Patient.contact.modifierExtension","Patient.contact.modifierExtension","","extensions
user contentmodifiers","",0,*,"","Y","Y","Extension {[]} {[]}
","Extensions that cannot be ignored even if unrecognized","May be used to represent additional information that is not part of the basic definition of the element and that modifies the understanding of the element in which it is contained and/or the understanding of the containing element's descendants. Usually modifier elements provide negation or qualification. To make the use of extensions safe and managable, there is a strict set of governance applied to the definition and use of extensions. Though any implementer can define an extension, there is a set of requirements that SHALL be met as part of the definition of the extension. Applications processing a resource are required to check for modifier extensions.

Modifier extensions SHALL NOT change the meaning of any elements on Resource or DomainResource (including cannot change the meaning of modifierExtension itself).","There can be no stigma associated with the use of extensions by any application, project, or standard - regardless of the institution or jurisdiction that uses or defines the extensions.  The use of extensions is what allows the FHIR specification to retain a core level of simplicity for everyone.","Modifier extensions allow for extensions that *cannot* be safely ignored to be clearly distinguished from the vast majority of extensions which can be safely ignored.  This promotes interoperability by eliminating the need for implementers to prohibit the presence of extensions. For further information, see the [definition of modifier extensions](http://hl7.org/fhir/R5/extensibility.html#modifierExtension).","","","","","","","",,,,,"",,,,"BackboneElement.modifierExtension",0,*,"","ele-1:All FHIR elements must have a @value or children {hasValue() or (children().count() > id.count())}
ext-1:Must have either extensions or value[x], not both {extension.exists() != value.exists()}","N/A"
"Patient.contact.relationship","Patient.contact.relationship","","","",0,*,"","","","CodeableConcept {[]} {[]}
","The kind of relationship","The nature of the relationship between the patient and the contact person.","","Used to determine which contact person is the most relevant to approach, depending on circumstances.","","","","","","","",,"extensible","The nature of the relationship between a patient and a contact person for that patient.","http://hl7.org/fhir/ValueSet/patient-contactrelationship","",,,,"Patient.contact.relationship",0,*,"","ele-1:All FHIR elements must have a @value or children {hasValue() or (children().count() > id.count())}
","code","n/a","NK1-7, NK1-3"
"Patient.contact.name","Patient.contact.name","","","",0,1,"","","","HumanName {[]} {[]}
","A name associated with the contact person","A name associated with the contact person.","","Contact persons need to be identified by name, but it is uncommon to need details about multiple other names for that contact person.","","","","","","","",,,,,"",,,,"Patient.contact.name",0,1,"pat-1
","ele-1:All FHIR elements must have a @value or children {hasValue() or (children().count() > id.count())}
","name","n/a","NK1-2"
"Patient.contact.telecom","Patient.contact.telecom","","","",0,*,"","","","ContactPoint {[]} {[]}
","A contact detail for the person","A contact detail for the person, e.g. a telephone number or an email address.","Contact may have multiple ways to be contacted with different uses or applicable periods.  May need to have options for contacting the person urgently, and also to help with identification.","People have (primary) ways to contact them in some way such as phone, email.","","","","","","","",,,,,"",,,,"Patient.contact.telecom",0,*,"pat-1
","ele-1:All FHIR elements must have a @value or children {hasValue() or (children().count() > id.count())}
","telecom","n/a","NK1-5, NK1-6, NK1-40"
"Patient.contact.address","Patient.contact.address","","","",0,1,"","","","Address {[]} {[]}
","Address for the contact person","Address for the contact person.","","Need to keep track where the contact person can be contacted per postal mail or visited.","","","","","","","",,,,,"",,,,"Patient.contact.address",0,1,"pat-1
","ele-1:All FHIR elements must have a @value or children {hasValue() or (children().count() > id.count())}
","addr","n/a","NK1-4"
"Patient.contact.gender","Patient.contact.gender","","","",0,1,"","","","code {[]} {[]}
","male | female | other | unknown","Administrative Gender - the gender that the contact person is considered to have for administration and record keeping purposes.","","Needed to address the person correctly.","","","","","","","",,"required","The gender of a person used for administrative purposes.","http://hl7.org/fhir/ValueSet/administrative-gender|5.0.0","",,,,"Patient.contact.gender",0,1,"","ele-1:All FHIR elements must have a @value or children {hasValue() or (children().count() > id.count())}
","player[classCode=PSN|ANM and determinerCode=INSTANCE]/administrativeGender","n/a","NK1-15"
"Patient.contact.organization","Patient.contact.organization","","","",0,1,"","","","Reference {[]} {[CanonicalType[http://hl7.org/fhir/StructureDefinition/Organization]]}
","Organization that is associated with the contact","Organization on behalf of which the contact is acting or for which the contact is working.","","For guardians or business related contacts, the organization is relevant.","","","","","","","",,,,,"",,,,"Patient.contact.organization",0,1,"pat-1
","ele-1:All FHIR elements must have a @value or children {hasValue() or (children().count() > id.count())}
","scoper","n/a","NK1-13, NK1-30, NK1-31, NK1-32, NK1-41"
"Patient.contact.period","Patient.contact.period","","","",0,1,"","","","Period {[]} {[]}
","The period during which this contact person or organization is valid to be contacted relating to this patient","The period during which this contact person or organization is valid to be contacted relating to this patient.","","","","","","","","","",,,,,"",,,,"Patient.contact.period",0,1,"","ele-1:All FHIR elements must have a @value or children {hasValue() or (children().count() > id.count())}
","effectiveTime","n/a"
"Patient.communication","Patient.communication","","","",0,*,"","","","BackboneElement {[]} {[]}
","A language which may be used to communicate with the patient about his or her health","A language which may be used to communicate with the patient about his or her health.","If no language is specified, this *implies* that the default local language is spoken.  If you need to convey proficiency for multiple modes, then you need multiple Patient.Communication associations.   For animals, language is not a relevant field, and should be absent from the instance. If the Patient does not speak the default local language, then the Interpreter Required Standard can be used to explicitly declare that an interpreter is required.","If a patient does not speak the local language, interpreters may be required, so languages spoken and proficiency are important things to keep track of both for patient and other persons of interest.","","","","","","","",,,,,"",,,,"Patient.communication",0,*,"","ele-1:All FHIR elements must have a @value or children {hasValue() or (children().count() > id.count())}
","LanguageCommunication","ParticipantLiving.communication","patient.languageCommunication"
"Patient.communication.id","Patient.communication.id","","","",0,1,"","","","string {[]} {[]}
","Unique id for inter-element referencing","Unique id for the element within a resource (for internal references). This may be any string value that does not contain spaces.","","","","","","","","","",,,,,"",,,,"Element.id",0,1,"ele-1
","","n/a"
"Patient.communication.extension","Patient.communication.extension","","extensions
user content","",0,*,"","","","Extension {[]} {[]}
","Additional content defined by implementations","May be used to represent additional information that is not part of the basic definition of the element. To make the use of extensions safe and managable, there is a strict set of governance applied to the definition and use of extensions. Though any implementer can define an extension, there is a set of requirements that SHALL be met as part of the definition of the extension.","There can be no stigma associated with the use of extensions by any application, project, or standard - regardless of the institution or jurisdiction that uses or defines the extensions.  The use of extensions is what allows the FHIR specification to retain a core level of simplicity for everyone.","","","","","","","","",,,,,"",,,,"Element.extension",0,*,"","ele-1:All FHIR elements must have a @value or children {hasValue() or (children().count() > id.count())}
ext-1:Must have either extensions or value[x], not both {extension.exists() != value.exists()}","n/a"
"Patient.communication.modifierExtension","Patient.communication.modifierExtension","","extensions
user contentmodifiers","",0,*,"","Y","Y","Extension {[]} {[]}
","Extensions that cannot be ignored even if unrecognized","May be used to represent additional information that is not part of the basic definition of the element and that modifies the understanding of the element in which it is contained and/or the understanding of the containing element's descendants. Usually modifier elements provide negation or qualification. To make the use of extensions safe and managable, there is a strict set of governance applied to the definition and use of extensions. Though any implementer can define an extension, there is a set of requirements that SHALL be met as part of the definition of the extension. Applications processing a resource are required to check for modifier extensions.

Modifier extensions SHALL NOT change the meaning of any elements on Resource or DomainResource (including cannot change the meaning of modifierExtension itself).","There can be no stigma associated with the use of extensions by any application, project, or standard - regardless of the institution or jurisdiction that uses or defines the extensions.  The use of extensions is what allows the FHIR specification to retain a core level of simplicity for everyone.","Modifier extensions allow for extensions that *cannot* be safely ignored to be clearly distinguished from the vast majority of extensions which can be safely ignored.  This promotes interoperability by eliminating the need for implementers to prohibit the presence of extensions. For further information, see the [definition of modifier extensions](http://hl7.org/fhir/R5/extensibility.html#modifierExtension).","","","","","","","",,,,,"",,,,"BackboneElement.modifierExtension",0,*,"","ele-1:All FHIR elements must have a @value or children {hasValue() or (children().count() > id.count())}
ext-1:Must have either extensions or value[x], not both {extension.exists() != value.exists()}","N/A"
"Patient.communication.language","Patient.communication.language","","","",1,1,"","","","CodeableConcept {[]} {[]}
","The language which can be used to communicate with the patient about his or her health","The ISO-639-1 alpha 2 code in lower case for the language, optionally followed by a hyphen and the ISO-3166-1 alpha 2 code for the region in upper case; e.g. ""en"" for English, or ""en-US"" for American English versus ""en-AU"" for Australian English.","The structure aa-BB with this exact casing is one the most widely used notations for locale. However not all systems actually code this but instead have it as free text. Hence CodeableConcept instead of code as the data type.","Most systems in multilingual countries will want to convey language. Not all systems actually need the regional dialect.","","","","","","","",,"required","IETF language tag for a human language","http://hl7.org/fhir/ValueSet/all-languages|5.0.0","",,,,"Patient.communication.language",1,1,"","ele-1:All FHIR elements must have a @value or children {hasValue() or (children().count() > id.count())}
","player[classCode=PSN|ANM and determinerCode=INSTANCE]/languageCommunication/code",".languageCode","PID-15, LAN-2"
"Patient.communication.preferred","Patient.communication.preferred","","","",0,1,"","","","boolean {[]} {[]}
","Language preference indicator","Indicates whether or not the patient prefers this language (over other languages he masters up a certain level).","This language is specifically identified for communicating healthcare information.","People that master multiple languages up to certain level may prefer one or more, i.e. feel more confident in communicating in a particular language making other languages sort of a fall back method.","","","","","","","",,,,,"",,,,"Patient.communication.preferred",0,1,"","ele-1:All FHIR elements must have a @value or children {hasValue() or (children().count() > id.count())}
","preferenceInd",".preferenceInd","PID-15"
"Patient.generalPractitioner","Patient.generalPractitioner","","careProvider
","",1,1,"Y","","","Reference {[]} {[CanonicalType[http://hl7.org/fhir/StructureDefinition/Organization], CanonicalType[http://hl7.org/fhir/StructureDefinition/Practitioner], CanonicalType[http://hl7.org/fhir/StructureDefinition/PractitionerRole]]}
","CESFAM donde el paciente se atiende","Patient's nominated care provider.","This may be the primary care provider (in a GP context), or it may be a patient nominated care manager in a community/disability setting, or even organization that will provide people to perform the care provider roles.  It is not to be used to record Care Teams, these should be in a CareTeam resource that may be linked to the CarePlan or EpisodeOfCare resources.
Multiple GPs may be recorded against the patient for various reasons, such as a student that has his home GP listed along with the GP at university during the school semesters, or a ""fly-in/fly-out"" worker that has the onsite GP also included with his home GP to remain aware of medical issues.

Jurisdictions may decide that they can profile this down to 1 if desired, or 1 per type.","","","","","","","","",,,,,"",,,,"Patient.generalPractitioner",0,*,"","ele-1:All FHIR elements must have a @value or children {hasValue() or (children().count() > id.count())}
","subjectOf.CareEvent.performer.AssignedEntity","n/a","PD1-4"
"Patient.generalPractitioner.id","Patient.generalPractitioner.id","","","",0,1,"","","","id {[]} {[]}
","Unique id for inter-element referencing","Unique id for the element within a resource (for internal references). This may be any string value that does not contain spaces.","","","","","","","","","",,,,,"",,,,"Element.id",0,1,"ele-1
","","n/a"
"Patient.generalPractitioner.extension","Patient.generalPractitioner.extension","","extensions
user content","",0,*,"","","","Extension {[]} {[]}
","Additional content defined by implementations","May be used to represent additional information that is not part of the basic definition of the element. To make the use of extensions safe and managable, there is a strict set of governance applied to the definition and use of extensions. Though any implementer can define an extension, there is a set of requirements that SHALL be met as part of the definition of the extension.","There can be no stigma associated with the use of extensions by any application, project, or standard - regardless of the institution or jurisdiction that uses or defines the extensions.  The use of extensions is what allows the FHIR specification to retain a core level of simplicity for everyone.","","","","","","","","",,,,,"","value:url}
","Extensions are always sliced by (at least) url",,"open","Element.extension",0,*,"","ele-1:All FHIR elements must have a @value or children {hasValue() or (children().count() > id.count())}
ext-1:Must have either extensions or value[x], not both {extension.exists() != value.exists()}","n/a"
"Patient.generalPractitioner.reference","Patient.generalPractitioner.reference","","","",0,1,"","","Y","string {[]} {[]}
","Literal reference, Relative, internal or absolute URL","A reference to a location at which the other resource is found. The reference may be a relative reference, in which case it is relative to the service base URL, or an absolute URL that resolves to the location where the resource is found. The reference may be version specific or not. If the reference is not to a FHIR RESTful server, then it should be assumed to be version specific. Internal fragment references (start with '#') refer to contained resources.","Using absolute URLs provides a stable scalable approach suitable for a cloud/web context, while using relative/logical references provides a flexible approach suitable for use when trading across closed eco-system boundaries.   Absolute URLs do not need to point to a FHIR RESTful server, though this is the preferred approach. If the URL conforms to the structure ""[type]/[id]"" then it should be assumed that the reference is to a FHIR RESTful server.","","","","","","","","",,,,,"",,,,"Reference.reference",0,1,"ref-2
ref-1","ele-1:All FHIR elements must have a @value or children {hasValue() or (children().count() > id.count())}
","N/A"
"Patient.generalPractitioner.type","Patient.generalPractitioner.type","","","",0,1,"","","Y","uri {[]} {[]}
","Type the reference refers to (e.g. ""Patient"") - must be a resource in resources","The expected type of the target of the reference. If both Reference.type and Reference.reference are populated and Reference.reference is a FHIR URL, both SHALL be consistent.

The type is the Canonical URL of Resource Definition that is the type this reference refers to. References are URLs that are relative to http://hl7.org/fhir/StructureDefinition/ e.g. ""Patient"" is a reference to http://hl7.org/fhir/StructureDefinition/Patient. Absolute URLs are only allowed for logical models (and can only be used in references in logical models, not resources).","This element is used to indicate the type of  the target of the reference. This may be used which ever of the other elements are populated (or not). In some cases, the type of the target may be determined by inspection of the reference (e.g. a known RESTful URL) or by resolving the target of the reference.","","","","","","","","",,"extensible","Aa resource (or, for logical models, the URI of the logical model).","http://hl7.org/fhir/ValueSet/resource-types","",,,,"Reference.type",0,1,"","ele-1:All FHIR elements must have a @value or children {hasValue() or (children().count() > id.count())}
","N/A"
"Patient.generalPractitioner.identifier","Patient.generalPractitioner.identifier","","","",0,1,"","","Y","Identifier {[]} {[]}
","Logical reference, when literal reference is not known","An identifier for the target resource. This is used when there is no way to reference the other resource directly, either because the entity it represents is not available through a FHIR server, or because there is no way for the author of the resource to convert a known identifier to an actual location. There is no requirement that a Reference.identifier point to something that is actually exposed as a FHIR instance, but it SHALL point to a business concept that would be expected to be exposed as a FHIR instance, and that instance would need to be of a FHIR resource type allowed by the reference.","When an identifier is provided in place of a reference, any system processing the reference will only be able to resolve the identifier to a reference if it understands the business context in which the identifier is used. Sometimes this is global (e.g. a national identifier) but often it is not. For this reason, none of the useful mechanisms described for working with references (e.g. chaining, includes) are possible, nor should servers be expected to be able resolve the reference. Servers may accept an identifier based reference untouched, resolve it, and/or reject it - see CapabilityStatement.rest.resource.referencePolicy. 

When both an identifier and a literal reference are provided, the literal reference is preferred. Applications processing the resource are allowed - but not required - to check that the identifier matches the literal reference

Applications converting a logical reference to a literal reference may choose to leave the logical reference present, or remove it.

Reference is intended to point to a structure that can potentially be expressed as a FHIR resource, though there is no need for it to exist as an actual FHIR resource instance - except in as much as an application wishes to actual find the target of the reference. The content referred to be the identifier must meet the logical constraints implied by any limitations on what resource types are permitted for the reference.  For example, it would not be legitimate to send the identifier for a drug prescription if the type were Reference(Observation|DiagnosticReport).  One of the use-cases for Reference.identifier is the situation where no FHIR representation exists (where the type is Reference (Any).

This element only allows for a single identifier. In the case where additional identifers are required, use the [http://hl7.org/fhir/StructureDefinition/additionalIdentifier](http://hl7.org/fhir/extensions/StructureDefinition-additionalIdentifier.html) extension.","","","","","","","","",,,,,"",,,,"Reference.identifier",0,1,"ref-2
","ele-1:All FHIR elements must have a @value or children {hasValue() or (children().count() > id.count())}
",".identifier"
"Patient.generalPractitioner.display","Patient.generalPractitioner.display","","","",1,1,"","","Y","string {[]} {[]}
","CESFAM donde se atiende el paciente","Plain text narrative that identifies the resource in addition to the resource reference.","This is generally not the same as the Resource.text of the referenced resource.  The purpose is to identify what's being referenced, not to fully describe it.","","","","","","","","",,,,,"",,,,"Reference.display",0,1,"ref-2
","ele-1:All FHIR elements must have a @value or children {hasValue() or (children().count() > id.count())}
","N/A"
"Patient.managingOrganization","Patient.managingOrganization","","","",0,1,"","","Y","Reference {[]} {[CanonicalType[http://hl7.org/fhir/StructureDefinition/Organization]]}
","Organization that is the custodian of the patient record","Organization that is the custodian of the patient record.","There is only one managing organization for a specific patient record. Other organizations will have their own Patient record, and may use the Link property to join the records together (or a Person resource which can include confidence ratings for the association).","Need to know who recognizes this patient record, manages and updates it.","","","","","","","",,,,,"",,,,"Patient.managingOrganization",0,1,"","ele-1:All FHIR elements must have a @value or children {hasValue() or (children().count() > id.count())}
","scoper",".providerOrganization"
"Patient.link","Patient.link","","","",0,*,"","Y","Y","BackboneElement {[]} {[]}
","Link to a Patient or RelatedPerson resource that concerns the same actual individual","Link to a Patient or RelatedPerson resource that concerns the same actual individual.","There is no assumption that linked patient records have mutual links.","There are multiple use cases:   

* Duplicate patient records due to the clerical errors associated with the difficulties of identifying humans consistently, and 
* Distribution of patient information across multiple servers.","","","","","","","",,,,,"",,,,"Patient.link",0,*,"","ele-1:All FHIR elements must have a @value or children {hasValue() or (children().count() > id.count())}
","outboundLink","n/a"
"Patient.link.id","Patient.link.id","","","",0,1,"","","","string {[]} {[]}
","Unique id for inter-element referencing","Unique id for the element within a resource (for internal references). This may be any string value that does not contain spaces.","","","","","","","","","",,,,,"",,,,"Element.id",0,1,"ele-1
","","n/a"
"Patient.link.extension","Patient.link.extension","","extensions
user content","",0,*,"","","","Extension {[]} {[]}
","Additional content defined by implementations","May be used to represent additional information that is not part of the basic definition of the element. To make the use of extensions safe and managable, there is a strict set of governance applied to the definition and use of extensions. Though any implementer can define an extension, there is a set of requirements that SHALL be met as part of the definition of the extension.","There can be no stigma associated with the use of extensions by any application, project, or standard - regardless of the institution or jurisdiction that uses or defines the extensions.  The use of extensions is what allows the FHIR specification to retain a core level of simplicity for everyone.","","","","","","","","",,,,,"",,,,"Element.extension",0,*,"","ele-1:All FHIR elements must have a @value or children {hasValue() or (children().count() > id.count())}
ext-1:Must have either extensions or value[x], not both {extension.exists() != value.exists()}","n/a"
"Patient.link.modifierExtension","Patient.link.modifierExtension","","extensions
user contentmodifiers","",0,*,"","Y","Y","Extension {[]} {[]}
","Extensions that cannot be ignored even if unrecognized","May be used to represent additional information that is not part of the basic definition of the element and that modifies the understanding of the element in which it is contained and/or the understanding of the containing element's descendants. Usually modifier elements provide negation or qualification. To make the use of extensions safe and managable, there is a strict set of governance applied to the definition and use of extensions. Though any implementer can define an extension, there is a set of requirements that SHALL be met as part of the definition of the extension. Applications processing a resource are required to check for modifier extensions.

Modifier extensions SHALL NOT change the meaning of any elements on Resource or DomainResource (including cannot change the meaning of modifierExtension itself).","There can be no stigma associated with the use of extensions by any application, project, or standard - regardless of the institution or jurisdiction that uses or defines the extensions.  The use of extensions is what allows the FHIR specification to retain a core level of simplicity for everyone.","Modifier extensions allow for extensions that *cannot* be safely ignored to be clearly distinguished from the vast majority of extensions which can be safely ignored.  This promotes interoperability by eliminating the need for implementers to prohibit the presence of extensions. For further information, see the [definition of modifier extensions](http://hl7.org/fhir/R5/extensibility.html#modifierExtension).","","","","","","","",,,,,"",,,,"BackboneElement.modifierExtension",0,*,"","ele-1:All FHIR elements must have a @value or children {hasValue() or (children().count() > id.count())}
ext-1:Must have either extensions or value[x], not both {extension.exists() != value.exists()}","N/A"
"Patient.link.other","Patient.link.other","","","",1,1,"","","Y","Reference {[]} {[CanonicalType[http://hl7.org/fhir/StructureDefinition/Patient], CanonicalType[http://hl7.org/fhir/StructureDefinition/RelatedPerson]]}
","The other patient or related person resource that the link refers to","Link to a Patient or RelatedPerson resource that concerns the same actual individual.","Referencing a RelatedPerson here removes the need to use a Person record to associate a Patient and RelatedPerson as the same individual.","","","","","","","","",,,,,"",,,,"Patient.link.other",1,1,"","ele-1:All FHIR elements must have a @value or children {hasValue() or (children().count() > id.count())}
","id","n/a","PID-3, MRG-1"
"Patient.link.type","Patient.link.type","","","",1,1,"","","Y","code {[]} {[]}
","replaced-by | replaces | refer | seealso","The type of link between this patient resource and another patient resource.","","","","","","","","","",,"required","The type of link between this patient resource and another Patient resource, or Patient/RelatedPerson when using the `seealso` code","http://hl7.org/fhir/ValueSet/link-type|5.0.0","",,,,"Patient.link.type",1,1,"","ele-1:All FHIR elements must have a @value or children {hasValue() or (children().count() > id.count())}
","typeCode","n/a"
