"Id","Path","Slice Name","Alias(s)","Label","Min","Max","Must Support?","Is Modifier?","Is Summary?","Type(s)","Short","Definition","Comments","Requirements","Default Value","Meaning When Missing","Fixed Value","Pattern","Example","Minimum Value","Maximum Value","Maximum Length","Binding Strength","Binding Description","Binding Value Set","Code","Slicing Discriminator","Slicing Description","Slicing Ordered","Slicing Rules","Base Path","Base Min","Base Max","Condition(s)","Constraint(s)","Mapping: Workflow Pattern","Mapping: FiveWs Pattern Mapping","Mapping: RIM Mapping","Mapping: HL7 V2 Mapping"
"Encounter","Encounter","","Visit
","",0,*,"","","","null {[]} {[]}
","An interaction during which services are provided to the patient","An interaction between a patient and healthcare provider(s) for the purpose of providing healthcare service(s) or assessing the health status of a patient.  Encounter is primarily used to record information about the actual activities that occurred, where Appointment is used to record planned activities.","","","","","","","","","",,,,,"",,,,"Encounter",0,*,"","","Event","workflow.encounter","Entity, Role, or Act,PatientEncounter[@moodCode='EVN']"
"Encounter.id","Encounter.id","","","",0,1,"","","Y","id {[]} {[]}
","Logical id of this artifact","The logical id of the resource, as used in the URL for the resource. Once assigned, this value never changes.","Within the context of the FHIR RESTful interactions, the resource has an id except for cases like the create and conditional update. Otherwise, the use of the resouce id depends on the given use case.","","","","","","","","",,,,,"",,,,"Resource.id",0,1,"",""
"Encounter.meta","Encounter.meta","","","",0,1,"","","Y","Meta {[]} {[]}
","Metadata about the resource","The metadata about the resource. This is content that is maintained by the infrastructure. Changes to the content might not always be associated with version changes to the resource.","","","","","","","","","",,,,,"",,,,"Resource.meta",0,1,"","ele-1:All FHIR elements must have a @value or children {hasValue() or (children().count() > id.count())}
"
"Encounter.implicitRules","Encounter.implicitRules","","","",0,1,"","Y","Y","uri {[]} {[]}
","A set of rules under which this content was created","A reference to a set of rules that were followed when the resource was constructed, and which must be understood when processing the content. Often, this is a reference to an implementation guide that defines the special rules along with other profiles etc.","Asserting this rule set restricts the content to be only understood by a limited set of trading partners. This inherently limits the usefulness of the data in the long term. However, the existing health eco-system is highly fractured, and not yet ready to define, collect, and exchange data in a generally computable sense. Wherever possible, implementers and/or specification writers should avoid using this element. Often, when used, the URL is a reference to an implementation guide that defines these special rules as part of its narrative along with other profiles, value sets, etc.","","","","","","","","",,,,,"",,,,"Resource.implicitRules",0,1,"","ele-1:All FHIR elements must have a @value or children {hasValue() or (children().count() > id.count())}
"
"Encounter.language","Encounter.language","","","",0,1,"","","","code {[]} {[]}
","Language of the resource content","The base language in which the resource is written.","Language is provided to support indexing and accessibility (typically, services such as text to speech use the language tag). The html language tag in the narrative applies  to the narrative. The language tag on the resource may be used to specify the language of other presentations generated from the data in the resource. Not all the content has to be in the base language. The Resource.language should not be assumed to apply to the narrative automatically. If a language is specified, it should it also be specified on the div element in the html (see rules in HTML5 for information about the relationship between xml:lang and the html lang attribute).","","","","","","","","",,"required","IETF language tag for a human language","http://hl7.org/fhir/ValueSet/all-languages|5.0.0","",,,,"Resource.language",0,1,"","ele-1:All FHIR elements must have a @value or children {hasValue() or (children().count() > id.count())}
"
"Encounter.text","Encounter.text","","narrative
htmlxhtmldisplay","",0,1,"","","","Narrative {[]} {[]}
","Text summary of the resource, for human interpretation","A human-readable narrative that contains a summary of the resource and can be used to represent the content of the resource to a human. The narrative need not encode all the structured data, but is required to contain sufficient detail to make it ""clinically safe"" for a human to just read the narrative. Resource definitions may define what content should be represented in the narrative to ensure clinical safety.","Contained resources do not have a narrative. Resources that are not contained SHOULD have a narrative. In some cases, a resource may only have text with little or no additional discrete data (as long as all minOccurs=1 elements are satisfied).  This may be necessary for data from legacy systems where information is captured as a ""text blob"" or where text is additionally entered raw or narrated and encoded information is added later.","","","","","","","","",,,,,"",,,,"DomainResource.text",0,1,"dom-6
","ele-1:All FHIR elements must have a @value or children {hasValue() or (children().count() > id.count())}
","Act.text?"
"Encounter.contained","Encounter.contained","","inline resources
anonymous resourcescontained resources","",0,*,"","","","Resource {[]} {[]}
","Contained, inline Resources","These resources do not have an independent existence apart from the resource that contains them - they cannot be identified independently, nor can they have their own independent transaction scope. This is allowed to be a Parameters resource if and only if it is referenced by a resource that provides context/meaning.","This should never be done when the content can be identified properly, as once identification is lost, it is extremely difficult (and context dependent) to restore it again. Contained resources may have profiles and tags in their meta elements, but SHALL NOT have security labels.","","","","","","","","",,,,,"",,,,"DomainResource.contained",0,*,"dom-2
dom-4dom-3dom-5","","N/A"
"Encounter.extension","Encounter.extension","","extensions
user content","",0,*,"","","","Extension {[]} {[]}
","Additional content defined by implementations","May be used to represent additional information that is not part of the basic definition of the resource. To make the use of extensions safe and managable, there is a strict set of governance applied to the definition and use of extensions. Though any implementer can define an extension, there is a set of requirements that SHALL be met as part of the definition of the extension.","There can be no stigma associated with the use of extensions by any application, project, or standard - regardless of the institution or jurisdiction that uses or defines the extensions.  The use of extensions is what allows the FHIR specification to retain a core level of simplicity for everyone.","","","","","","","","",,,,,"",,,,"DomainResource.extension",0,*,"","ele-1:All FHIR elements must have a @value or children {hasValue() or (children().count() > id.count())}
ext-1:Must have either extensions or value[x], not both {extension.exists() != value.exists()}","N/A"
"Encounter.modifierExtension","Encounter.modifierExtension","","extensions
user content","",0,*,"","Y","Y","Extension {[]} {[]}
","Extensions that cannot be ignored","May be used to represent additional information that is not part of the basic definition of the resource and that modifies the understanding of the element that contains it and/or the understanding of the containing element's descendants. Usually modifier elements provide negation or qualification. To make the use of extensions safe and managable, there is a strict set of governance applied to the definition and use of extensions. Though any implementer is allowed to define an extension, there is a set of requirements that SHALL be met as part of the definition of the extension. Applications processing a resource are required to check for modifier extensions.

Modifier extensions SHALL NOT change the meaning of any elements on Resource or DomainResource (including cannot change the meaning of modifierExtension itself).","There can be no stigma associated with the use of extensions by any application, project, or standard - regardless of the institution or jurisdiction that uses or defines the extensions.  The use of extensions is what allows the FHIR specification to retain a core level of simplicity for everyone.","Modifier extensions allow for extensions that *cannot* be safely ignored to be clearly distinguished from the vast majority of extensions which can be safely ignored.  This promotes interoperability by eliminating the need for implementers to prohibit the presence of extensions. For further information, see the [definition of modifier extensions](http://hl7.org/fhir/R5/extensibility.html#modifierExtension).","","","","","","","",,,,,"",,,,"DomainResource.modifierExtension",0,*,"","ele-1:All FHIR elements must have a @value or children {hasValue() or (children().count() > id.count())}
ext-1:Must have either extensions or value[x], not both {extension.exists() != value.exists()}","N/A"
"Encounter.identifier","Encounter.identifier","","","",0,*,"","","Y","Identifier {[]} {[]}
","Identifier(s) by which this encounter is known","Identifier(s) by which this encounter is known.","","","","","","","","","",,,,,"",,,,"Encounter.identifier",0,*,"","ele-1:All FHIR elements must have a @value or children {hasValue() or (children().count() > id.count())}
","Event.identifier","FiveWs.identifier",".id","PV1-19"
"Encounter.status","Encounter.status","","","",1,1,"Y","Y","Y","code {[]} {[]}
","planned | in-progress | on-hold | discharged | completed | cancelled | discontinued | entered-in-error | unknown","Código de estado de la hospitalización, como en este caso es un registro de episodio realizado, se determina como completed","Note that internal business rules will determine the appropriate transitions that may occur between statuses (and also classes).","","","","","<valueCode xmlns=""http://hl7.org/fhir"" value=""completed""/>","","","",,"required","Current state of the encounter.","http://hl7.org/fhir/ValueSet/encounter-status|5.0.0","",,,,"Encounter.status",1,1,"","ele-1:All FHIR elements must have a @value or children {hasValue() or (children().count() > id.count())}
","Event.status","FiveWs.status",".statusCode","No clear equivalent in HL7 V2; active/finished could be inferred from PV1-44, PV1-45, PV2-24; inactive could be inferred from PV2-16"
"Encounter.class","Encounter.class","","","",1,1,"Y","","Y","CodeableConcept {[]} {[]}
","Clasificación del encuentro","Clasificación del tipo de encuentro, para este caso poasticular hablamos de un encuentro de tipo Hospitalizado","","","","","","","","","",,"required","","https://hlf.cl/fhir/ig/hackaton/ValueSet/ClaseAtencionVS","",,,,"Encounter.class",0,*,"","ele-1:All FHIR elements must have a @value or children {hasValue() or (children().count() > id.count())}
","FiveWs.class",".inboundRelationship[typeCode=SUBJ].source[classCode=LIST].code","PV1-2"
"Encounter.class.id","Encounter.class.id","","","",0,1,"","","","id {[]} {[]}
","Unique id for inter-element referencing","Unique id for the element within a resource (for internal references). This may be any string value that does not contain spaces.","","","","","","","","","",,,,,"",,,,"Element.id",0,1,"ele-1
","","n/a"
"Encounter.class.extension","Encounter.class.extension","","extensions
user content","",0,*,"","","","Extension {[]} {[]}
","Additional content defined by implementations","May be used to represent additional information that is not part of the basic definition of the element. To make the use of extensions safe and managable, there is a strict set of governance applied to the definition and use of extensions. Though any implementer can define an extension, there is a set of requirements that SHALL be met as part of the definition of the extension.","There can be no stigma associated with the use of extensions by any application, project, or standard - regardless of the institution or jurisdiction that uses or defines the extensions.  The use of extensions is what allows the FHIR specification to retain a core level of simplicity for everyone.","","","","","","","","",,,,,"","value:url}
","Extensions are always sliced by (at least) url",,"open","Element.extension",0,*,"","ele-1:All FHIR elements must have a @value or children {hasValue() or (children().count() > id.count())}
ext-1:Must have either extensions or value[x], not both {extension.exists() != value.exists()}","n/a"
"Encounter.class.coding","Encounter.class.coding","","","",1,1,"Y","","Y","Coding {[]} {[]}
","Code defined by a terminology system","A reference to a code defined by a terminology system.","Codes may be defined very casually in enumerations, or code lists, up to very formal definitions such as SNOMED CT - see the HL7 v3 Core Principles for more information.  Ordering of codings is undefined and SHALL NOT be used to infer meaning. Generally, at most only one of the coding values will be labeled as UserSelected = true.","Allows for alternative encodings within a code system, and translations to other code systems.","","","","","","","",,,,,"",,,,"CodeableConcept.coding",0,*,"","ele-1:All FHIR elements must have a @value or children {hasValue() or (children().count() > id.count())}
","union(., ./translation)","C*E.1-8, C*E.10-22"
"Encounter.class.coding.id","Encounter.class.coding.id","","","",0,1,"","","","id {[]} {[]}
","Unique id for inter-element referencing","Unique id for the element within a resource (for internal references). This may be any string value that does not contain spaces.","","","","","","","","","",,,,,"",,,,"Element.id",0,1,"ele-1
","","n/a"
"Encounter.class.coding.extension","Encounter.class.coding.extension","","extensions
user content","",0,*,"","","","Extension {[]} {[]}
","Additional content defined by implementations","May be used to represent additional information that is not part of the basic definition of the element. To make the use of extensions safe and managable, there is a strict set of governance applied to the definition and use of extensions. Though any implementer can define an extension, there is a set of requirements that SHALL be met as part of the definition of the extension.","There can be no stigma associated with the use of extensions by any application, project, or standard - regardless of the institution or jurisdiction that uses or defines the extensions.  The use of extensions is what allows the FHIR specification to retain a core level of simplicity for everyone.","","","","","","","","",,,,,"","value:url}
","Extensions are always sliced by (at least) url",,"open","Element.extension",0,*,"","ele-1:All FHIR elements must have a @value or children {hasValue() or (children().count() > id.count())}
ext-1:Must have either extensions or value[x], not both {extension.exists() != value.exists()}","n/a"
"Encounter.class.coding.system","Encounter.class.coding.system","","","",1,1,"","","Y","uri {[]} {[]}
","uri de la terminología","The identification of the code system that defines the meaning of the symbol in the code.","The URI may be an OID (urn:oid:...) or a UUID (urn:uuid:...).  OIDs and UUIDs SHALL be references to the HL7 OID registry. Otherwise, the URI should come from HL7's list of FHIR defined special URIs or it should be an absolute reference to some definition that establishes the system clearly and unambiguously.","Need to be unambiguous about the source of the definition of the symbol.","","","","<valueUri xmlns=""http://hl7.org/fhir"" value=""https://hlf.cl/fhir/ig/hackaton/CodeSystem/ClaseAtencionCS""/>","","","",,,,,"",,,,"Coding.system",0,1,"","ele-1:All FHIR elements must have a @value or children {hasValue() or (children().count() > id.count())}
","./codeSystem","C*E.3"
"Encounter.class.coding.version","Encounter.class.coding.version","","","",0,1,"","","Y","string {[]} {[]}
","Version of the system - if relevant","The version of the code system which was used when choosing this code. Note that a well-maintained code system does not need the version reported, because the meaning of codes is consistent across versions. However this cannot consistently be assured, and when the meaning is not guaranteed to be consistent, the version SHOULD be exchanged.","Where the terminology does not clearly define what string should be used to identify code system versions, the recommendation is to use the date (expressed in FHIR date format) on which that version was officially published as the version date.","","","","","","","","",,,,,"",,,,"Coding.version",0,1,"","ele-1:All FHIR elements must have a @value or children {hasValue() or (children().count() > id.count())}
","./codeSystemVersion","C*E.7"
"Encounter.class.coding.code","Encounter.class.coding.code","","","",1,1,"","","Y","code {[]} {[]}
","Código de clase de atención en este caso siempre Hospitalizada","A symbol in syntax defined by the system. The symbol may be a predefined code or an expression in a syntax defined by the coding system (e.g. post-coordination).","","Need to refer to a particular code in the system.","","","","<valueCode xmlns=""http://hl7.org/fhir"" value=""1""/>","","","",,,,,"",,,,"Coding.code",0,1,"cod-1
","ele-1:All FHIR elements must have a @value or children {hasValue() or (children().count() > id.count())}
","./code","C*E.1"
"Encounter.class.coding.display","Encounter.class.coding.display","","","",1,1,"","","Y","string {[]} {[]}
","Glosa que describe el código","A representation of the meaning of the code in the system, following the rules of the system.","","Need to be able to carry a human-readable meaning of the code for readers that do not know  the system.","","","","<valueString xmlns=""http://hl7.org/fhir"" value=""Hospitalizada""/>","","","",,,,,"",,,,"Coding.display",0,1,"cod-1
","ele-1:All FHIR elements must have a @value or children {hasValue() or (children().count() > id.count())}
","CV.displayName","C*E.2 - but note this is not well followed"
"Encounter.class.coding.userSelected","Encounter.class.coding.userSelected","","","",0,1,"","","Y","boolean {[]} {[]}
","If this coding was chosen directly by the user","Indicates that this coding was chosen by a user directly - e.g. off a pick list of available items (codes or displays).","Amongst a set of alternatives, a directly chosen code is the most appropriate starting point for new translations. There is some ambiguity about what exactly 'directly chosen' implies, and trading partner agreement may be needed to clarify the use of this element and its consequences more completely.","This has been identified as a clinical safety criterium - that this exact system/code pair was chosen explicitly, rather than inferred by the system based on some rules or language processing.","","","","","","","",,,,,"",,,,"Coding.userSelected",0,1,"","ele-1:All FHIR elements must have a @value or children {hasValue() or (children().count() > id.count())}
","CD.codingRationale","Sometimes implied by being first"
"Encounter.class.text","Encounter.class.text","","","",0,1,"","","Y","string {[]} {[]}
","Plain text representation of the concept","A human language representation of the concept as seen/selected/uttered by the user who entered the data and/or which represents the intended meaning of the user.","Very often the text is the same as a displayName of one of the codings.","The codes from the terminologies do not always capture the correct meaning with all the nuances of the human using them, or sometimes there is no appropriate code at all. In these cases, the text is used to capture the full meaning of the source.","","","","","","","",,,,,"",,,,"CodeableConcept.text",0,1,"","ele-1:All FHIR elements must have a @value or children {hasValue() or (children().count() > id.count())}
","./originalText[mediaType/code=""text/plain""]/data","C*E.9. But note many systems use C*E.2 for this"
"Encounter.priority","Encounter.priority","","","",0,1,"","","","CodeableConcept {[]} {[]}
","Indicates the urgency of the encounter","Indicates the urgency of the encounter.","","","","","","","","","",,"example","Indicates the urgency of the encounter.","http://terminology.hl7.org/ValueSet/v3-ActPriority","",,,,"Encounter.priority",0,1,"","ele-1:All FHIR elements must have a @value or children {hasValue() or (children().count() > id.count())}
","FiveWs.grade",".priorityCode","PV2-25"
"Encounter.type","Encounter.type","","","",0,*,"","","Y","CodeableConcept {[]} {[]}
","Specific type of encounter (e.g. e-mail consultation, surgical day-care, ...)","Specific type of encounter (e.g. e-mail consultation, surgical day-care, skilled nursing, rehabilitation).","Since there are many ways to further classify encounters, this element is 0..*.","","","","","","","","",,"example","A specific code indicating type of service provided","http://hl7.org/fhir/ValueSet/encounter-type","",,,,"Encounter.type",0,*,"","ele-1:All FHIR elements must have a @value or children {hasValue() or (children().count() > id.count())}
","Event.code","FiveWs.what[x]",".code","PV1-4 / PV1-18"
"Encounter.serviceType","Encounter.serviceType","","","",0,*,"","","Y","CodeableReference {[]} {[CanonicalType[http://hl7.org/fhir/StructureDefinition/HealthcareService]]}
","Specific type of service","Broad categorization of the service that is to be provided (e.g. cardiology).","","","","","","","","","",,"example","Broad categorization of the service that is to be provided.","http://hl7.org/fhir/ValueSet/service-type","",,,,"Encounter.serviceType",0,*,"","ele-1:All FHIR elements must have a @value or children {hasValue() or (children().count() > id.count())}
","Event.code","n/a","PV1-10"
"Encounter.subject","Encounter.subject","","patient
","",1,1,"","","Y","Reference {[]} {[CanonicalType[http://hl7.org/fhir/StructureDefinition/Patient]]}
","Paciente al que se le realiza la atencion","Paciente al que se le realiza la atencion","While the encounter is always about the patient, the patient might not actually be known in all contexts of use, and there may be a group of patients that could be anonymous (such as in a group therapy for Alcoholics Anonymous - where the recording of the encounter could be used for billing on the number of people/staff and not important to the context of the specific patients) or alternately in veterinary care a herd of sheep receiving treatment (where the animals are not individually tracked).","","","","","","","","",,,,,"",,,,"Encounter.subject",0,1,"","ele-1:All FHIR elements must have a @value or children {hasValue() or (children().count() > id.count())}
","Event.subject","FiveWs.subject[x]",".participation[typeCode=SBJ]/role[classCode=PAT]","PID-3"
"Encounter.subjectStatus","Encounter.subjectStatus","","","",0,1,"","","","CodeableConcept {[]} {[]}
","The current status of the subject in relation to the Encounter","The subjectStatus value can be used to track the patient's status within the encounter. It details whether the patient has arrived or departed, has been triaged or is currently in a waiting status.","Different use-cases are likely to have different permitted transitions between states, such as an Emergency department could use `arrived` when the patient first presents, then `triaged` once has been assessed by a nurse, then `receiving-care` once treatment begins, however other sectors may use a different set of these values, or their own custom set in place of this example valueset provided.","","","","","","","","",,"example","Current status of the subject  within the encounter.","http://hl7.org/fhir/ValueSet/encounter-subject-status","",,,,"Encounter.subjectStatus",0,1,"","ele-1:All FHIR elements must have a @value or children {hasValue() or (children().count() > id.count())}
"
"Encounter.episodeOfCare","Encounter.episodeOfCare","","","",0,*,"","","Y","Reference {[]} {[CanonicalType[http://hl7.org/fhir/StructureDefinition/EpisodeOfCare]]}
","Episode(s) of care that this encounter should be recorded against","Where a specific encounter should be classified as a part of a specific episode(s) of care this field should be used. This association can facilitate grouping of related encounters together for a specific purpose, such as government reporting, issue tracking, association via a common problem.  The association is recorded on the encounter as these are typically created after the episode of care and grouped on entry rather than editing the episode of care to append another encounter to it (the episode of care could span years).","","","","","","","","","",,,,,"",,,,"Encounter.episodeOfCare",0,*,"","ele-1:All FHIR elements must have a @value or children {hasValue() or (children().count() > id.count())}
","FiveWs.context","n/a","PV1-54, PV1-53"
"Encounter.basedOn","Encounter.basedOn","","incomingReferral
","",0,*,"","","","Reference {[]} {[CanonicalType[http://hl7.org/fhir/StructureDefinition/CarePlan], CanonicalType[http://hl7.org/fhir/StructureDefinition/DeviceRequest], CanonicalType[http://hl7.org/fhir/StructureDefinition/MedicationRequest], CanonicalType[http://hl7.org/fhir/StructureDefinition/ServiceRequest]]}
","The request that initiated this encounter","The request this encounter satisfies (e.g. incoming referral or procedure request).","","","","","","","","","",,,,,"",,,,"Encounter.basedOn",0,*,"","ele-1:All FHIR elements must have a @value or children {hasValue() or (children().count() > id.count())}
","Event.basedOn",".reason.ClinicalDocument"
"Encounter.careTeam","Encounter.careTeam","","","",0,*,"","","","Reference {[]} {[CanonicalType[http://hl7.org/fhir/StructureDefinition/CareTeam]]}
","The group(s) that are allocated to participate in this encounter","The group(s) of individuals, organizations that are allocated to participate in this encounter. The participants backbone will record the actuals of when these individuals participated during the encounter.","","","","","","","","","",,,,,"",,,,"Encounter.careTeam",0,*,"","ele-1:All FHIR elements must have a @value or children {hasValue() or (children().count() > id.count())}
","n/a"
"Encounter.partOf","Encounter.partOf","","","",0,1,"","","","Reference {[]} {[CanonicalType[http://hl7.org/fhir/StructureDefinition/Encounter]]}
","Another Encounter this encounter is part of","Another Encounter of which this encounter is a part of (administratively or in time).","This is also used for associating a child's encounter back to the mother's encounter.Refer to the Notes section in the Patient resource for further details.","","","","","","","","",,,,,"",,,,"Encounter.partOf",0,1,"","ele-1:All FHIR elements must have a @value or children {hasValue() or (children().count() > id.count())}
","Event.partOf",".inboundRelationship[typeCode=COMP].source[classCode=COMP, moodCode=EVN]"
"Encounter.serviceProvider","Encounter.serviceProvider","","","",0,1,"","","","Reference {[]} {[CanonicalType[http://hl7.org/fhir/StructureDefinition/Organization]]}
","The organization (facility) responsible for this encounter","The organization that is primarily responsible for this Encounter's services. This MAY be the same as the organization on the Patient record, however it could be different, such as if the actor performing the services was from an external organization (which may be billed seperately) for an external consultation.  Refer to the colonoscopy example on the Encounter examples tab.","","","","","","","","","",,,,,"",,,,"Encounter.serviceProvider",0,1,"","ele-1:All FHIR elements must have a @value or children {hasValue() or (children().count() > id.count())}
","Event.performer.actor",".participation[typeCode=PRF].role","PL.6  & PL.1"
"Encounter.participant","Encounter.participant","","","",0,*,"","","Y","BackboneElement {[]} {[]}
","List of participants involved in the encounter","The list of people responsible for providing the service.","Any Patient or Group present in the participation.actor must also be the subject, though the subject may be absent from the participation.actor for cases where the patient (or group) is not present, such as during a case review conference.","","","","","","","","",,,,,"",,,,"Encounter.participant",0,*,"","ele-1:All FHIR elements must have a @value or children {hasValue() or (children().count() > id.count())}
enc-1:A type must be provided when no explicit actor is specified {actor.exists() or type.exists()}enc-2:A type cannot be provided for a patient or group participant {actor.exists(resolve() is Patient or resolve() is Group) implies type.exists().not()}","Event.performer",".participation[typeCode=PRF]","ROL"
"Encounter.participant.id","Encounter.participant.id","","","",0,1,"","","","string {[]} {[]}
","Unique id for inter-element referencing","Unique id for the element within a resource (for internal references). This may be any string value that does not contain spaces.","","","","","","","","","",,,,,"",,,,"Element.id",0,1,"ele-1
","","n/a"
"Encounter.participant.extension","Encounter.participant.extension","","extensions
user content","",0,*,"","","","Extension {[]} {[]}
","Additional content defined by implementations","May be used to represent additional information that is not part of the basic definition of the element. To make the use of extensions safe and managable, there is a strict set of governance applied to the definition and use of extensions. Though any implementer can define an extension, there is a set of requirements that SHALL be met as part of the definition of the extension.","There can be no stigma associated with the use of extensions by any application, project, or standard - regardless of the institution or jurisdiction that uses or defines the extensions.  The use of extensions is what allows the FHIR specification to retain a core level of simplicity for everyone.","","","","","","","","",,,,,"",,,,"Element.extension",0,*,"","ele-1:All FHIR elements must have a @value or children {hasValue() or (children().count() > id.count())}
ext-1:Must have either extensions or value[x], not both {extension.exists() != value.exists()}","n/a"
"Encounter.participant.modifierExtension","Encounter.participant.modifierExtension","","extensions
user contentmodifiers","",0,*,"","Y","Y","Extension {[]} {[]}
","Extensions that cannot be ignored even if unrecognized","May be used to represent additional information that is not part of the basic definition of the element and that modifies the understanding of the element in which it is contained and/or the understanding of the containing element's descendants. Usually modifier elements provide negation or qualification. To make the use of extensions safe and managable, there is a strict set of governance applied to the definition and use of extensions. Though any implementer can define an extension, there is a set of requirements that SHALL be met as part of the definition of the extension. Applications processing a resource are required to check for modifier extensions.

Modifier extensions SHALL NOT change the meaning of any elements on Resource or DomainResource (including cannot change the meaning of modifierExtension itself).","There can be no stigma associated with the use of extensions by any application, project, or standard - regardless of the institution or jurisdiction that uses or defines the extensions.  The use of extensions is what allows the FHIR specification to retain a core level of simplicity for everyone.","Modifier extensions allow for extensions that *cannot* be safely ignored to be clearly distinguished from the vast majority of extensions which can be safely ignored.  This promotes interoperability by eliminating the need for implementers to prohibit the presence of extensions. For further information, see the [definition of modifier extensions](http://hl7.org/fhir/R5/extensibility.html#modifierExtension).","","","","","","","",,,,,"",,,,"BackboneElement.modifierExtension",0,*,"","ele-1:All FHIR elements must have a @value or children {hasValue() or (children().count() > id.count())}
ext-1:Must have either extensions or value[x], not both {extension.exists() != value.exists()}","N/A"
"Encounter.participant.type","Encounter.participant.type","","","",0,*,"","","Y","CodeableConcept {[]} {[]}
","Role of participant in encounter","Role of participant in encounter.","The participant type indicates how an individual actor participates in an encounter. It includes non-practitioner participants, and for practitioners this is to describe the action type in the context of this encounter (e.g. Admitting Dr, Attending Dr, Translator, Consulting Dr). This is different to the practitioner roles which are functional roles, derived from terms of employment, education, licensing, etc.","","","","","","","","",,"extensible","Role of participant in encounter.","http://hl7.org/fhir/ValueSet/encounter-participant-type","",,,,"Encounter.participant.type",0,*,"enc-1
enc-2","ele-1:All FHIR elements must have a @value or children {hasValue() or (children().count() > id.count())}
","Event.performer.function",".functionCode","ROL-3 (or maybe PRT-4)"
"Encounter.participant.period","Encounter.participant.period","","","",0,1,"","","","Period {[]} {[]}
","Period of time during the encounter that the participant participated","The period of time that the specified participant participated in the encounter. These can overlap or be sub-sets of the overall encounter's period.","","","","","","","","","",,,,,"",,,,"Encounter.participant.period",0,1,"","ele-1:All FHIR elements must have a @value or children {hasValue() or (children().count() > id.count())}
",".time","ROL-5, ROL-6 (or maybe PRT-5)"
"Encounter.participant.actor","Encounter.participant.actor","","","",0,1,"","","Y","Reference {[]} {[CanonicalType[http://hl7.org/fhir/StructureDefinition/Patient], CanonicalType[http://hl7.org/fhir/StructureDefinition/Group], CanonicalType[http://hl7.org/fhir/StructureDefinition/RelatedPerson], CanonicalType[http://hl7.org/fhir/StructureDefinition/Practitioner], CanonicalType[http://hl7.org/fhir/StructureDefinition/PractitionerRole], CanonicalType[http://hl7.org/fhir/StructureDefinition/Device], CanonicalType[http://hl7.org/fhir/StructureDefinition/HealthcareService]]}
","The individual, device, or service participating in the encounter","Person involved in the encounter, the patient/group is also included here to indicate that the patient was actually participating in the encounter. Not including the patient here covers use cases such as a case meeting between practitioners about a patient - non contact times.","For planning purposes, Appointments may include a CareTeam participant to indicate that one specific person from the CareTeam will be assigned, but that assignment might not happen until the Encounter begins. Hence CareTeam is not included in Encounter.participant, as the specific individual should be assigned and represented as a Practitioner or other person resource.Similarly, Location can be included in Appointment.participant to assist with planning.  However, the patient location is tracked on the Encounter in the Encounter.location property to allow for additional metadata and history to be recorded.The role of the participant can be used to declare what the actor will be doing in the scope of this encounter participation.If the individual is not specified during planning, then it is expected that the individual will be filled in at a later stage prior to the encounter commencing.","","","","","","","","",,,,,"",,,,"Encounter.participant.actor",0,1,"enc-1
enc-2","ele-1:All FHIR elements must have a @value or children {hasValue() or (children().count() > id.count())}
","Event.performer.actor","FiveWs.who",".role","ROL-4"
"Encounter.appointment","Encounter.appointment","","","",0,*,"","","Y","Reference {[]} {[CanonicalType[http://hl7.org/fhir/StructureDefinition/Appointment]]}
","The appointment that scheduled this encounter","The appointment that scheduled this encounter.","","","","","","","","","",,,,,"",,,,"Encounter.appointment",0,*,"","ele-1:All FHIR elements must have a @value or children {hasValue() or (children().count() > id.count())}
","Event.basedOn",".outboundRelationship[typeCode=FLFS].target[classCode=ENC, moodCode=APT]","SCH-1 / SCH-2"
"Encounter.virtualService","Encounter.virtualService","","","",0,*,"","","","VirtualServiceDetail {[]} {[]}
","Connection details of a virtual service (e.g. conference call)","Connection details of a virtual service (e.g. conference call).","There are two types of virtual meetings that often exist:* a persistent, virtual meeting room that can only be used for a single purpose at a time, * and a dynamic virtual meeting room that is generated on demand for a specific purpose.Implementers may consider using Location.virtualService for persistent meeting rooms.If each participant would have a different meeting link, an extension using the VirtualServiceContactDetail  can be applied to the Encounter.participant BackboneElement.","","","","","","","","",,,,,"",,,,"Encounter.virtualService",0,*,"","ele-1:All FHIR elements must have a @value or children {hasValue() or (children().count() > id.count())}
","N/A"
"Encounter.actualPeriod","Encounter.actualPeriod","","","",1,1,"Y","","","Period {[]} {[]}
","Período en el cual el/la Paciente fue hospitalizado/a","Fecha de inicio y fin del episodio de hospitalización","If not (yet) known, the end of the Period may be omitted.","","","","","","","","",,,,,"",,,,"Encounter.actualPeriod",0,1,"","ele-1:All FHIR elements must have a @value or children {hasValue() or (children().count() > id.count())}
","Event.occurrence[x]","FiveWs.done[x]",".effectiveTime (low & high)","PV1-44, PV1-45"
"Encounter.actualPeriod.id","Encounter.actualPeriod.id","","","",0,1,"","","","id {[]} {[]}
","Unique id for inter-element referencing","Unique id for the element within a resource (for internal references). This may be any string value that does not contain spaces.","","","","","","","","","",,,,,"",,,,"Element.id",0,1,"ele-1
","","n/a"
"Encounter.actualPeriod.extension","Encounter.actualPeriod.extension","","extensions
user content","",0,*,"","","","Extension {[]} {[]}
","Additional content defined by implementations","May be used to represent additional information that is not part of the basic definition of the element. To make the use of extensions safe and managable, there is a strict set of governance applied to the definition and use of extensions. Though any implementer can define an extension, there is a set of requirements that SHALL be met as part of the definition of the extension.","There can be no stigma associated with the use of extensions by any application, project, or standard - regardless of the institution or jurisdiction that uses or defines the extensions.  The use of extensions is what allows the FHIR specification to retain a core level of simplicity for everyone.","","","","","","","","",,,,,"","value:url}
","Extensions are always sliced by (at least) url",,"open","Element.extension",0,*,"","ele-1:All FHIR elements must have a @value or children {hasValue() or (children().count() > id.count())}
ext-1:Must have either extensions or value[x], not both {extension.exists() != value.exists()}","n/a"
"Encounter.actualPeriod.start","Encounter.actualPeriod.start","","","",1,1,"","","Y","dateTime {[]} {[]}
","Día/Hora en el cual se realizó la hospitalización. Formato YYYY-MM-DD ó YYYY-MM-DDThh:mm:ss+zz:zz","The start of the period. The boundary is inclusive.","If the low element is missing, the meaning is that the low boundary is not known.","","","","","","","","",,,,,"",,,,"Period.start",0,1,"per-1
","ele-1:All FHIR elements must have a @value or children {hasValue() or (children().count() > id.count())}
","./low","DR.1"
"Encounter.actualPeriod.end","Encounter.actualPeriod.end","","","",0,1,"","","Y","dateTime {[]} {[]}
","Día/Hora en el cual se cerró el episodio. Formato YYYY-MM-DD ó YYYY-MM-DDThh:mm:ss+zz:zz","The end of the period. If the end of the period is missing, it means no end was known or planned at the time the instance was created. The start may be in the past, and the end date in the future, which means that period is expected/planned to end at that time.","The end value includes any matching date/time. i.e. 2012-02-03T10:00:00 is in a period that has an end value of 2012-02-03.","","","If the end of the period is missing, it means that the period is ongoing","","","","","",,,,,"",,,,"Period.end",0,1,"per-1
","ele-1:All FHIR elements must have a @value or children {hasValue() or (children().count() > id.count())}
","./high","DR.2"
"Encounter.plannedStartDate","Encounter.plannedStartDate","","","",0,1,"","","","dateTime {[]} {[]}
","The planned start date/time (or admission date) of the encounter","The planned start date/time (or admission date) of the encounter.","","","","","","","","","",,,,,"",,,,"Encounter.plannedStartDate",0,1,"","ele-1:All FHIR elements must have a @value or children {hasValue() or (children().count() > id.count())}
","PV2-8"
"Encounter.plannedEndDate","Encounter.plannedEndDate","","","",0,1,"","","","dateTime {[]} {[]}
","The planned end date/time (or discharge date) of the encounter","The planned end date/time (or discharge date) of the encounter.","","","","","","","","","",,,,,"",,,,"Encounter.plannedEndDate",0,1,"","ele-1:All FHIR elements must have a @value or children {hasValue() or (children().count() > id.count())}
","PV2-9"
"Encounter.length","Encounter.length","","","",0,1,"","","","Duration {[]} {[]}
","Actual quantity of time the encounter lasted (less time absent)","Actual quantity of time the encounter lasted. This excludes the time during leaves of absence.When missing it is the time in between the start and end values.","If the precision on these values is low (e.g. to the day only) then this may be considered was an all day (or multi-day) encounter, unless the duration is included, where that amount of time occurred sometime during the interval.May differ from the time in `Encounter.period` due to leave of absence(s).","","","","","","","","",,,,,"",,,,"Encounter.length",0,1,"","ele-1:All FHIR elements must have a @value or children {hasValue() or (children().count() > id.count())}
","Event.occurrence[x]",".lengthOfStayQuantity","(PV1-45 less PV1-44) iff ( (PV1-44 not empty) and (PV1-45 not empty) ); units in minutes or PV2-11 (which is actual length in days)"
"Encounter.reason","Encounter.reason","","","",0,*,"","","Y","BackboneElement {[]} {[]}
","The list of medical reasons that are expected to be addressed during the episode of care","The list of medical reasons that are expected to be addressed during the episode of care.","The reason communicates what medical problem the patient has that should be addressed during the episode of care.  This reason could be patient reported complaint, a clinical indication that was determined in a previous encounter or episode of care, or some planned care such as an immunization recommendation.  In the case where you have a primary reason, but are expecting to also address other problems, you can list the primary reason with a use code of 'Chief Complaint', while the other problems being addressed would have a use code of 'Reason for Visit'.Examples: * pregnancy would use HealthcareService or a coding as the reason * patient home monitoring could use Condition as the reason","","","","","","","","",,,,,"",,,,"Encounter.reason",0,*,"","ele-1:All FHIR elements must have a @value or children {hasValue() or (children().count() > id.count())}
"
"Encounter.reason.id","Encounter.reason.id","","","",0,1,"","","","string {[]} {[]}
","Unique id for inter-element referencing","Unique id for the element within a resource (for internal references). This may be any string value that does not contain spaces.","","","","","","","","","",,,,,"",,,,"Element.id",0,1,"ele-1
","","n/a"
"Encounter.reason.extension","Encounter.reason.extension","","extensions
user content","",0,*,"","","","Extension {[]} {[]}
","Additional content defined by implementations","May be used to represent additional information that is not part of the basic definition of the element. To make the use of extensions safe and managable, there is a strict set of governance applied to the definition and use of extensions. Though any implementer can define an extension, there is a set of requirements that SHALL be met as part of the definition of the extension.","There can be no stigma associated with the use of extensions by any application, project, or standard - regardless of the institution or jurisdiction that uses or defines the extensions.  The use of extensions is what allows the FHIR specification to retain a core level of simplicity for everyone.","","","","","","","","",,,,,"",,,,"Element.extension",0,*,"","ele-1:All FHIR elements must have a @value or children {hasValue() or (children().count() > id.count())}
ext-1:Must have either extensions or value[x], not both {extension.exists() != value.exists()}","n/a"
"Encounter.reason.modifierExtension","Encounter.reason.modifierExtension","","extensions
user contentmodifiers","",0,*,"","Y","Y","Extension {[]} {[]}
","Extensions that cannot be ignored even if unrecognized","May be used to represent additional information that is not part of the basic definition of the element and that modifies the understanding of the element in which it is contained and/or the understanding of the containing element's descendants. Usually modifier elements provide negation or qualification. To make the use of extensions safe and managable, there is a strict set of governance applied to the definition and use of extensions. Though any implementer can define an extension, there is a set of requirements that SHALL be met as part of the definition of the extension. Applications processing a resource are required to check for modifier extensions.

Modifier extensions SHALL NOT change the meaning of any elements on Resource or DomainResource (including cannot change the meaning of modifierExtension itself).","There can be no stigma associated with the use of extensions by any application, project, or standard - regardless of the institution or jurisdiction that uses or defines the extensions.  The use of extensions is what allows the FHIR specification to retain a core level of simplicity for everyone.","Modifier extensions allow for extensions that *cannot* be safely ignored to be clearly distinguished from the vast majority of extensions which can be safely ignored.  This promotes interoperability by eliminating the need for implementers to prohibit the presence of extensions. For further information, see the [definition of modifier extensions](http://hl7.org/fhir/R5/extensibility.html#modifierExtension).","","","","","","","",,,,,"",,,,"BackboneElement.modifierExtension",0,*,"","ele-1:All FHIR elements must have a @value or children {hasValue() or (children().count() > id.count())}
ext-1:Must have either extensions or value[x], not both {extension.exists() != value.exists()}","N/A"
"Encounter.reason.use","Encounter.reason.use","","","",0,*,"","","Y","CodeableConcept {[]} {[]}
","What the reason value should be used for/as","What the reason value should be used as e.g. Chief Complaint, Health Concern, Health Maintenance (including screening).","","","","","","","","","",,"example","","http://hl7.org/fhir/ValueSet/encounter-reason-use","",,,,"Encounter.reason.use",0,*,"","ele-1:All FHIR elements must have a @value or children {hasValue() or (children().count() > id.count())}
"
"Encounter.reason.value","Encounter.reason.value","","Indication
Admission diagnosis","",0,*,"","","Y","CodeableReference {[]} {[CanonicalType[http://hl7.org/fhir/StructureDefinition/Condition], CanonicalType[http://hl7.org/fhir/StructureDefinition/DiagnosticReport], CanonicalType[http://hl7.org/fhir/StructureDefinition/Observation], CanonicalType[http://hl7.org/fhir/StructureDefinition/ImmunizationRecommendation], CanonicalType[http://hl7.org/fhir/StructureDefinition/Procedure]]}
","Reason the encounter takes place (core or reference)","Reason the encounter takes place, expressed as a code or a reference to another resource. For admissions, this can be used for a coded admission diagnosis.","","","","","","","","","",,"preferred","Reason why the encounter takes place.","http://hl7.org/fhir/ValueSet/encounter-reason","",,,,"Encounter.reason.value",0,*,"","ele-1:All FHIR elements must have a @value or children {hasValue() or (children().count() > id.count())}
","Event.reason","FiveWs.why[x]",".reasonCode","EVN-4 / PV2-3 (note: PV2-3 is nominally constrained to inpatient admissions; HL7 V2 makes no vocabulary suggestions for PV2-3; would not expect PV2 segment or PV2-3 to be in use in all implementations )"
"Encounter.diagnosis","Encounter.diagnosis","","","",0,*,"","","Y","BackboneElement {[]} {[]}
","The list of diagnosis relevant to this encounter","The list of diagnosis relevant to this encounter.","Also note that for the purpose of billing, the diagnoses are recorded in the account where they can be ranked appropriately for how the invoicing/claiming documentation needs to be prepared.","","","","","","","","",,,,,"",,,,"Encounter.diagnosis",0,*,"","ele-1:All FHIR elements must have a @value or children {hasValue() or (children().count() > id.count())}
",".outboundRelationship[typeCode=RSON]"
"Encounter.diagnosis.id","Encounter.diagnosis.id","","","",0,1,"","","","string {[]} {[]}
","Unique id for inter-element referencing","Unique id for the element within a resource (for internal references). This may be any string value that does not contain spaces.","","","","","","","","","",,,,,"",,,,"Element.id",0,1,"ele-1
","","n/a"
"Encounter.diagnosis.extension","Encounter.diagnosis.extension","","extensions
user content","",0,*,"","","","Extension {[]} {[]}
","Additional content defined by implementations","May be used to represent additional information that is not part of the basic definition of the element. To make the use of extensions safe and managable, there is a strict set of governance applied to the definition and use of extensions. Though any implementer can define an extension, there is a set of requirements that SHALL be met as part of the definition of the extension.","There can be no stigma associated with the use of extensions by any application, project, or standard - regardless of the institution or jurisdiction that uses or defines the extensions.  The use of extensions is what allows the FHIR specification to retain a core level of simplicity for everyone.","","","","","","","","",,,,,"",,,,"Element.extension",0,*,"","ele-1:All FHIR elements must have a @value or children {hasValue() or (children().count() > id.count())}
ext-1:Must have either extensions or value[x], not both {extension.exists() != value.exists()}","n/a"
"Encounter.diagnosis.modifierExtension","Encounter.diagnosis.modifierExtension","","extensions
user contentmodifiers","",0,*,"","Y","Y","Extension {[]} {[]}
","Extensions that cannot be ignored even if unrecognized","May be used to represent additional information that is not part of the basic definition of the element and that modifies the understanding of the element in which it is contained and/or the understanding of the containing element's descendants. Usually modifier elements provide negation or qualification. To make the use of extensions safe and managable, there is a strict set of governance applied to the definition and use of extensions. Though any implementer can define an extension, there is a set of requirements that SHALL be met as part of the definition of the extension. Applications processing a resource are required to check for modifier extensions.

Modifier extensions SHALL NOT change the meaning of any elements on Resource or DomainResource (including cannot change the meaning of modifierExtension itself).","There can be no stigma associated with the use of extensions by any application, project, or standard - regardless of the institution or jurisdiction that uses or defines the extensions.  The use of extensions is what allows the FHIR specification to retain a core level of simplicity for everyone.","Modifier extensions allow for extensions that *cannot* be safely ignored to be clearly distinguished from the vast majority of extensions which can be safely ignored.  This promotes interoperability by eliminating the need for implementers to prohibit the presence of extensions. For further information, see the [definition of modifier extensions](http://hl7.org/fhir/R5/extensibility.html#modifierExtension).","","","","","","","",,,,,"",,,,"BackboneElement.modifierExtension",0,*,"","ele-1:All FHIR elements must have a @value or children {hasValue() or (children().count() > id.count())}
ext-1:Must have either extensions or value[x], not both {extension.exists() != value.exists()}","N/A"
"Encounter.diagnosis.condition","Encounter.diagnosis.condition","","Admission diagnosis
discharge diagnosisindication","",0,*,"","","Y","CodeableReference {[]} {[CanonicalType[http://hl7.org/fhir/StructureDefinition/Condition]]}
","The diagnosis relevant to the encounter","The coded diagnosis or a reference to a Condition (with other resources referenced in the evidence.detail), the use property will indicate the purpose of this specific diagnosis.","","","","","","","","","",,"example","","http://hl7.org/fhir/ValueSet/condition-code","",,,,"Encounter.diagnosis.condition",0,*,"","ele-1:All FHIR elements must have a @value or children {hasValue() or (children().count() > id.count())}
","Event.reason","FiveWs.why[x]",".outboundRelationship[typeCode=RSON].target","Resources that would commonly referenced at Encounter.indication would be Condition and/or Procedure. These most closely align with DG1/PRB and PR1 respectively."
"Encounter.diagnosis.use","Encounter.diagnosis.use","","","",0,*,"","","","CodeableConcept {[]} {[]}
","Role that this diagnosis has within the encounter (e.g. admission, billing, discharge …)","Role that this diagnosis has within the encounter (e.g. admission, billing, discharge …).","","","","","","","","","",,"preferred","The type of diagnosis this condition represents.","http://hl7.org/fhir/ValueSet/encounter-diagnosis-use","",,,,"Encounter.diagnosis.use",0,*,"","ele-1:All FHIR elements must have a @value or children {hasValue() or (children().count() > id.count())}
","n/a","DG1-6 (Diagnosis Type)"
"Encounter.account","Encounter.account","","","",0,*,"","","","Reference {[]} {[CanonicalType[http://hl7.org/fhir/StructureDefinition/Account]]}
","The set of accounts that may be used for billing for this Encounter","The set of accounts that may be used for billing for this Encounter.","The billing system may choose to allocate billable items associated with the Encounter to different referenced Accounts based on internal business rules.","","","","","","","","",,,,,"",,,,"Encounter.account",0,*,"","ele-1:All FHIR elements must have a @value or children {hasValue() or (children().count() > id.count())}
",".pertains.A_Account"
"Encounter.dietPreference","Encounter.dietPreference","","","",0,*,"","","","CodeableConcept {[]} {[]}
","Diet preferences reported by the patient","Diet preferences reported by the patient.","For example, a patient may request both a dairy-free and nut-free diet preference (not mutually exclusive).","Used to track patient's diet restrictions and/or preference. For a complete description of the nutrition needs of a patient during their stay, one should use the nutritionOrder resource which links to Encounter.","","","","","","","",,"example","Medical, cultural or ethical food preferences to help with catering requirements.","http://hl7.org/fhir/ValueSet/encounter-diet","",,,,"Encounter.dietPreference",0,*,"","ele-1:All FHIR elements must have a @value or children {hasValue() or (children().count() > id.count())}
",".outboundRelationship[typeCode=COMP].target[classCode=SBADM, moodCode=EVN, code=""diet""]","PV1-38"
"Encounter.specialArrangement","Encounter.specialArrangement","","","",0,*,"","","","CodeableConcept {[]} {[]}
","Wheelchair, translator, stretcher, etc","Any special requests that have been made for this encounter, such as the provision of specific equipment or other things.","","","","","","","","","",,"preferred","Special arrangements.","http://hl7.org/fhir/ValueSet/encounter-special-arrangements","",,,,"Encounter.specialArrangement",0,*,"","ele-1:All FHIR elements must have a @value or children {hasValue() or (children().count() > id.count())}
",".specialArrangementCode","PV1-15 / OBR-30 / OBR-43"
"Encounter.specialCourtesy","Encounter.specialCourtesy","","","",0,*,"","","","CodeableConcept {[]} {[]}
","Special courtesies (VIP, board member)","Special courtesies that may be provided to the patient during the encounter (VIP, board member, professional courtesy).","Although the specialCourtesy property can contain values like VIP, the purpose of this field is intended to be used for flagging additional `benefits` that might occur for the patient during the encounter.It could include things like the patient is to have a private room, special room features, receive a friendly visit from hospital adminisitration, or should be briefed on treatment by senior staff during the stay.It is not specifically intended to be used for securing the specific record - that is the purpose of the security meta tag, and where appropriate, both fields could be used.","","","","","","","","",,"preferred","Special courtesies.","http://hl7.org/fhir/ValueSet/encounter-special-courtesy","",,,,"Encounter.specialCourtesy",0,*,"","ele-1:All FHIR elements must have a @value or children {hasValue() or (children().count() > id.count())}
",".specialCourtesiesCode","PV1-16"
"Encounter.admission","Encounter.admission","","","",0,1,"","","","BackboneElement {[]} {[]}
","Details about the admission to a healthcare service","Details about the stay during which a healthcare service is provided.This does not describe the event of admitting the patient, but rather any information that is relevant from the time of admittance until the time of discharge.","An Encounter may cover more than just the inpatient stay. Contexts such as outpatients, community clinics, and aged care facilities are also included.The duration recorded in the period of this encounter covers the entire scope of this admission record.","","","","","","","","",,,,,"",,,,"Encounter.admission",0,1,"","ele-1:All FHIR elements must have a @value or children {hasValue() or (children().count() > id.count())}
",".outboundRelationship[typeCode=COMP].target[classCode=ENC, moodCode=EVN]"
"Encounter.admission.id","Encounter.admission.id","","","",0,1,"","","","string {[]} {[]}
","Unique id for inter-element referencing","Unique id for the element within a resource (for internal references). This may be any string value that does not contain spaces.","","","","","","","","","",,,,,"",,,,"Element.id",0,1,"ele-1
","","n/a"
"Encounter.admission.extension","Encounter.admission.extension","","extensions
user content","",0,*,"","","","Extension {[]} {[]}
","Additional content defined by implementations","May be used to represent additional information that is not part of the basic definition of the element. To make the use of extensions safe and managable, there is a strict set of governance applied to the definition and use of extensions. Though any implementer can define an extension, there is a set of requirements that SHALL be met as part of the definition of the extension.","There can be no stigma associated with the use of extensions by any application, project, or standard - regardless of the institution or jurisdiction that uses or defines the extensions.  The use of extensions is what allows the FHIR specification to retain a core level of simplicity for everyone.","","","","","","","","",,,,,"",,,,"Element.extension",0,*,"","ele-1:All FHIR elements must have a @value or children {hasValue() or (children().count() > id.count())}
ext-1:Must have either extensions or value[x], not both {extension.exists() != value.exists()}","n/a"
"Encounter.admission.modifierExtension","Encounter.admission.modifierExtension","","extensions
user contentmodifiers","",0,*,"","Y","Y","Extension {[]} {[]}
","Extensions that cannot be ignored even if unrecognized","May be used to represent additional information that is not part of the basic definition of the element and that modifies the understanding of the element in which it is contained and/or the understanding of the containing element's descendants. Usually modifier elements provide negation or qualification. To make the use of extensions safe and managable, there is a strict set of governance applied to the definition and use of extensions. Though any implementer can define an extension, there is a set of requirements that SHALL be met as part of the definition of the extension. Applications processing a resource are required to check for modifier extensions.

Modifier extensions SHALL NOT change the meaning of any elements on Resource or DomainResource (including cannot change the meaning of modifierExtension itself).","There can be no stigma associated with the use of extensions by any application, project, or standard - regardless of the institution or jurisdiction that uses or defines the extensions.  The use of extensions is what allows the FHIR specification to retain a core level of simplicity for everyone.","Modifier extensions allow for extensions that *cannot* be safely ignored to be clearly distinguished from the vast majority of extensions which can be safely ignored.  This promotes interoperability by eliminating the need for implementers to prohibit the presence of extensions. For further information, see the [definition of modifier extensions](http://hl7.org/fhir/R5/extensibility.html#modifierExtension).","","","","","","","",,,,,"",,,,"BackboneElement.modifierExtension",0,*,"","ele-1:All FHIR elements must have a @value or children {hasValue() or (children().count() > id.count())}
ext-1:Must have either extensions or value[x], not both {extension.exists() != value.exists()}","N/A"
"Encounter.admission.preAdmissionIdentifier","Encounter.admission.preAdmissionIdentifier","","","",0,1,"","","","Identifier {[]} {[]}
","Pre-admission identifier","Pre-admission identifier.","","","","","","","","","",,,,,"",,,,"Encounter.admission.preAdmissionIdentifier",0,1,"","ele-1:All FHIR elements must have a @value or children {hasValue() or (children().count() > id.count())}
",".id","PV1-5"
"Encounter.admission.origin","Encounter.admission.origin","","","",0,1,"","","","Reference {[]} {[CanonicalType[http://hl7.org/fhir/StructureDefinition/Location], CanonicalType[http://hl7.org/fhir/StructureDefinition/Organization]]}
","The location/organization from which the patient came before admission","The location/organization from which the patient came before admission.","","","","","","","","","",,,,,"",,,,"Encounter.admission.origin",0,1,"","ele-1:All FHIR elements must have a @value or children {hasValue() or (children().count() > id.count())}
",".participation[typeCode=ORG].role"
"Encounter.admission.admitSource","Encounter.admission.admitSource","","","",0,1,"","","","CodeableConcept {[]} {[]}
","From where patient was admitted (physician referral, transfer)","From where patient was admitted (physician referral, transfer).","","","","","","","","","",,"preferred","From where the patient was admitted.","http://hl7.org/fhir/ValueSet/encounter-admit-source","",,,,"Encounter.admission.admitSource",0,1,"","ele-1:All FHIR elements must have a @value or children {hasValue() or (children().count() > id.count())}
",".admissionReferralSourceCode","PV1-14"
"Encounter.admission.reAdmission","Encounter.admission.reAdmission","","","",0,1,"","","","CodeableConcept {[]} {[]}
","Indicates that the patient is being re-admitted","Indicates that this encounter is directly related to a prior admission, often because the conditions addressed in the prior admission were not fully addressed.","","","","","","","","","",,"example","The reason for re-admission of this admission encounter.","http://terminology.hl7.org/ValueSet/v2-0092","",,,,"Encounter.admission.reAdmission",0,1,"","ele-1:All FHIR elements must have a @value or children {hasValue() or (children().count() > id.count())}
","n/a","PV1-13"
"Encounter.admission.destination","Encounter.admission.destination","","","",0,1,"","","","Reference {[]} {[CanonicalType[http://hl7.org/fhir/StructureDefinition/Location], CanonicalType[http://hl7.org/fhir/StructureDefinition/Organization]]}
","Location/organization to which the patient is discharged","Location/organization to which the patient is discharged.","","","","","","","","","",,,,,"",,,,"Encounter.admission.destination",0,1,"","ele-1:All FHIR elements must have a @value or children {hasValue() or (children().count() > id.count())}
",".participation[typeCode=DST]","PV1-37"
"Encounter.admission.dischargeDisposition","Encounter.admission.dischargeDisposition","","","",0,1,"","","","CodeableConcept {[]} {[]}
","Category or kind of location after discharge","Category or kind of location after discharge.","","","","","","","","","",,"example","Discharge Disposition.","http://hl7.org/fhir/ValueSet/encounter-discharge-disposition","",,,,"Encounter.admission.dischargeDisposition",0,1,"","ele-1:All FHIR elements must have a @value or children {hasValue() or (children().count() > id.count())}
",".dischargeDispositionCode","PV1-36"
"Encounter.location","Encounter.location","","","",0,*,"","","","BackboneElement {[]} {[]}
","List of locations where the patient has been","List of locations where  the patient has been during this encounter.","Virtual encounters can be recorded in the Encounter by specifying a location reference to a location of type ""kind"" such as ""client's home"" and an encounter.class = ""virtual"".","","","","","","","","",,,,,"",,,,"Encounter.location",0,*,"","ele-1:All FHIR elements must have a @value or children {hasValue() or (children().count() > id.count())}
",".participation[typeCode=LOC]"
"Encounter.location.id","Encounter.location.id","","","",0,1,"","","","string {[]} {[]}
","Unique id for inter-element referencing","Unique id for the element within a resource (for internal references). This may be any string value that does not contain spaces.","","","","","","","","","",,,,,"",,,,"Element.id",0,1,"ele-1
","","n/a"
"Encounter.location.extension","Encounter.location.extension","","extensions
user content","",0,*,"","","","Extension {[]} {[]}
","Additional content defined by implementations","May be used to represent additional information that is not part of the basic definition of the element. To make the use of extensions safe and managable, there is a strict set of governance applied to the definition and use of extensions. Though any implementer can define an extension, there is a set of requirements that SHALL be met as part of the definition of the extension.","There can be no stigma associated with the use of extensions by any application, project, or standard - regardless of the institution or jurisdiction that uses or defines the extensions.  The use of extensions is what allows the FHIR specification to retain a core level of simplicity for everyone.","","","","","","","","",,,,,"",,,,"Element.extension",0,*,"","ele-1:All FHIR elements must have a @value or children {hasValue() or (children().count() > id.count())}
ext-1:Must have either extensions or value[x], not both {extension.exists() != value.exists()}","n/a"
"Encounter.location.modifierExtension","Encounter.location.modifierExtension","","extensions
user contentmodifiers","",0,*,"","Y","Y","Extension {[]} {[]}
","Extensions that cannot be ignored even if unrecognized","May be used to represent additional information that is not part of the basic definition of the element and that modifies the understanding of the element in which it is contained and/or the understanding of the containing element's descendants. Usually modifier elements provide negation or qualification. To make the use of extensions safe and managable, there is a strict set of governance applied to the definition and use of extensions. Though any implementer can define an extension, there is a set of requirements that SHALL be met as part of the definition of the extension. Applications processing a resource are required to check for modifier extensions.

Modifier extensions SHALL NOT change the meaning of any elements on Resource or DomainResource (including cannot change the meaning of modifierExtension itself).","There can be no stigma associated with the use of extensions by any application, project, or standard - regardless of the institution or jurisdiction that uses or defines the extensions.  The use of extensions is what allows the FHIR specification to retain a core level of simplicity for everyone.","Modifier extensions allow for extensions that *cannot* be safely ignored to be clearly distinguished from the vast majority of extensions which can be safely ignored.  This promotes interoperability by eliminating the need for implementers to prohibit the presence of extensions. For further information, see the [definition of modifier extensions](http://hl7.org/fhir/R5/extensibility.html#modifierExtension).","","","","","","","",,,,,"",,,,"BackboneElement.modifierExtension",0,*,"","ele-1:All FHIR elements must have a @value or children {hasValue() or (children().count() > id.count())}
ext-1:Must have either extensions or value[x], not both {extension.exists() != value.exists()}","N/A"
"Encounter.location.location","Encounter.location.location","","","",1,1,"","","","Reference {[]} {[CanonicalType[http://hl7.org/fhir/StructureDefinition/Location]]}
","Location the encounter takes place","The location where the encounter takes place.","","","","","","","","","",,,,,"",,,,"Encounter.location.location",1,1,"","ele-1:All FHIR elements must have a @value or children {hasValue() or (children().count() > id.count())}
","Event.location","FiveWs.where[x]",".role","PV1-3 / PV1-6 / PV1-11 / PV1-42 / PV1-43"
"Encounter.location.status","Encounter.location.status","","","",0,1,"","","","code {[]} {[]}
","planned | active | reserved | completed","The status of the participants' presence at the specified location during the period specified. If the participant is no longer at the location, then the period will have an end date/time.","When the patient is no longer active at a location, then the period end date is entered, and the status may be changed to completed.","","","","","","","","",,"required","The status of the location.","http://hl7.org/fhir/ValueSet/encounter-location-status|5.0.0","",,,,"Encounter.location.status",0,1,"","ele-1:All FHIR elements must have a @value or children {hasValue() or (children().count() > id.count())}
",".role.statusCode"
"Encounter.location.form","Encounter.location.form","","","",0,1,"","","","CodeableConcept {[]} {[]}
","The physical type of the location (usually the level in the location hierarchy - bed, room, ward, virtual etc.)","This will be used to specify the required levels (bed/ward/room/etc.) desired to be recorded to simplify either messaging or query.","This information is de-normalized from the Location resource to support the easier understanding of the encounter resource and processing in messaging or query.

There may be many levels in the hierachy, and this may only pic specific levels that are required for a specific usage scenario.","","","","","","","","",,"example","Physical form of the location.","http://hl7.org/fhir/ValueSet/location-form","",,,,"Encounter.location.form",0,1,"","ele-1:All FHIR elements must have a @value or children {hasValue() or (children().count() > id.count())}
"
"Encounter.location.period","Encounter.location.period","","","",0,1,"","","","Period {[]} {[]}
","Time period during which the patient was present at the location","Time period during which the patient was present at the location.","","","","","","","","","",,,,,"",,,,"Encounter.location.period",0,1,"","ele-1:All FHIR elements must have a @value or children {hasValue() or (children().count() > id.count())}
",".time"
